timestamp,user_0_cpu,user_0_mem,user_0_net-in,user_0_net-out,user_0_lat,user_1_cpu,user_1_mem,user_1_net-in,user_1_net-out,user_1_lat,user_2_cpu,user_2_mem,user_2_net-in,user_2_net-out,user_2_lat,user_3_cpu,user_3_mem,user_3_net-in,user_3_net-out,user_3_lat,user_4_cpu,user_4_mem,user_4_net-in,user_4_net-out,user_4_lat,user_5_cpu,user_5_mem,user_5_net-in,user_5_net-out,user_5_lat,user_6_cpu,user_6_mem,user_6_net-in,user_6_net-out,user_6_lat,user_7_cpu,user_7_mem,user_7_net-in,user_7_net-out,user_7_lat,user_8_cpu,user_8_mem,user_8_net-in,user_8_net-out,user_8_lat,user_9_cpu,user_9_mem,user_9_net-in,user_9_net-out,user_9_lat,user_10_cpu,user_10_mem,user_10_net-in,user_10_net-out,user_10_lat,user_11_cpu,user_11_mem,user_11_net-in,user_11_net-out,user_11_lat,user_12_cpu,user_12_mem,user_12_net-in,user_12_net-out,user_12_lat,user_13_cpu,user_13_mem,user_13_net-in,user_13_net-out,user_13_lat,user_14_cpu,user_14_mem,user_14_net-in,user_14_net-out,user_14_lat,user_15_cpu,user_15_mem,user_15_net-in,user_15_net-out,user_15_lat,user_16_cpu,user_16_mem,user_16_net-in,user_16_net-out,user_16_lat,user_17_cpu,user_17_mem,user_17_net-in,user_17_net-out,user_17_lat,user_18_cpu,user_18_mem,user_18_net-in,user_18_net-out,user_18_lat,user_19_cpu,user_19_mem,user_19_net-in,user_19_net-out,user_19_lat,user_20_cpu,user_20_mem,user_20_net-in,user_20_net-out,user_20_lat,user_21_cpu,user_21_mem,user_21_net-in,user_21_net-out,user_21_lat,user_22_cpu,user_22_mem,user_22_net-in,user_22_net-out,user_22_lat,user_23_cpu,user_23_mem,user_23_net-in,user_23_net-out,user_23_lat,user_24_cpu,user_24_mem,user_24_net-in,user_24_net-out,user_24_lat,user_25_cpu,user_25_mem,user_25_net-in,user_25_net-out,user_25_lat,user_26_cpu,user_26_mem,user_26_net-in,user_26_net-out,user_26_lat,user_27_cpu,user_27_mem,user_27_net-in,user_27_net-out,user_27_lat,user_28_cpu,user_28_mem,user_28_net-in,user_28_net-out,user_28_lat,user_29_cpu,user_29_mem,user_29_net-in,user_29_net-out,user_29_lat
0,0.24158541882682272,672.8714724055183,9.615793803859502,12.001601823254974,2857.3452542132854,0.31013750594039313,303.8240173920808,8.819836064938375,10.950552829360792,3883.145800762623,0.4835116437995476,830.2084733070001,11.902286250208844,1.7336760210660653,4917.602778412125,0.29901626006953497,692.3494242201511,5.3326804622724975,17.043037722101435,3555.1653204065165,0.3891723612897192,125.41439814392527,14.033697394318935,10.075231066481695,1554.5983601202,0.2652327365654079,834.8049021688445,2.1399887938218534,7.800875285571047,4445.983636280791,0.20561337840383698,871.8681876834912,11.323472280565012,17.41125105067638,1745.882096435132,0.4932748506188953,177.15385681619807,13.203014896166774,15.199702053777475,2971.324097673617,0.17130895078527053,459.5608908770648,16.44944512017175,17.495936602168445,4966.249994288422,0.25048468979837846,521.8275744441567,2.2956232761625253,16.198059271259623,4362.088685068709,0.268308718866849,728.2178111077288,5.5471406727262975,4.308118307140835,558.6705386319447,0.21129009865830284,535.2082372010422,10.459709116996612,14.631668942462387,540.6006549515477,0.29436378162270366,537.8987142584494,5.591676040103545,4.288698858622406,4650.868587597698,0.362893859093691,272.42615921772676,14.198378612577883,11.81577833269412,1288.0052343276498,0.1254147231788179,669.3220449683336,3.2196953822220484,15.725371640199604,3376.169926070945,0.3590995877172529,820.4440676899228,17.64116388822064,13.045295537707304,1962.95120876769,0.4638686313232532,235.0172373275047,19.955716233228266,17.39356924930764,722.543731272556,0.17214559802171547,66.14120568497728,10.563989878658989,13.452008374283967,1675.4498545768618,0.15716961481151848,899.0188963202194,1.153488627468893,9.395900933574367,665.7353056414079,0.4874259671549711,651.3725321092719,15.224318087968625,9.757213938678637,1825.1024518364284,0.49962120150529143,503.3757383553227,11.346525230349878,14.950860202040337,824.2823694569843,0.3792297365572853,344.30722882901574,4.297558368095466,19.536905848492218,2523.102960811514,0.32283746847247785,727.9683787038042,18.47924712798049,1.6905236997939261,2839.7924262973447,0.49151622257812144,140.10609787559173,13.81720167247938,13.801265072709551,4449.193305945308,0.36848808031673175,820.9567813422017,8.589091410800915,18.78870962031867,3206.5439324703616,0.23335809317985978,159.74498200583855,18.503772485237125,15.035692095782778,2184.348282938979,0.3918756357657719,119.50094024426356,10.51741189868383,16.265201475911283,4003.4829000593763,0.2351853764024864,326.49681803476943,19.539918887467934,19.803456769798906,1753.3742743127693,0.10645992037764494,768.8609886414382,8.143640698446234,8.892786164561986,4202.488381516594,0.49609021185648194,886.3451447499733,5.359196846944569,3.717905765841545,1098.5642469504608
1,0.3756671810591996,693.7228692585345,1.4562248074898487,14.722046189487449,3490.1342097762135,0.11863751344461285,543.060214501595,13.673859572530922,15.417088548443004,762.3851560211529,0.3076301597447929,487.0589534513614,8.288609443834982,17.027336116208108,4618.193247878273,0.17451989403323936,224.7342386489547,19.437969925880324,10.64013445404752,3497.417563027833,0.2629237204390969,659.4593806960759,19.405298522799516,6.404851029894171,4401.81910885292,0.36665842098776935,507.2641016757848,11.422061714038545,17.469724157159284,4827.2722222930015,0.199040330383531,80.77165393342051,3.044342377740845,16.811181422412208,1381.1792868696687,0.13237578092787694,350.51017853575183,3.2683362237902727,16.359064706545787,2569.2237663215546,0.37872545261705537,709.5916651103865,18.479470727739386,14.56458909384888,1695.853639031685,0.1383978308185165,602.5672871050638,10.492439661046916,12.428695128626721,3480.519184774838,0.19419760109566067,812.6858498341816,14.697158895212098,18.76038797101698,862.12938349655,0.3696208461873327,823.174822469238,9.301579273654696,9.779972506973662,942.7369935049799,0.3729869552001558,163.39251705301837,11.847645241964406,17.3497361524155,3542.4584043334953,0.3655356858291431,448.99400728552644,12.25838903554868,11.235862992130723,2461.9136207394877,0.42949347088029377,411.881989684901,16.38135128309697,3.3743674188679034,799.1592142615361,0.22708134105817815,201.63767568039026,16.991832437578374,7.860051917519339,2321.552200279155,0.41668622544046185,322.72870722781386,19.678109982862345,10.145312800003811,4488.488440723271,0.47462855897513223,270.1408052371968,18.378282669566726,8.530344652628116,1405.1762554785937,0.22821692087219625,163.80569630614406,18.379024928401137,12.121763439425676,1062.9803672687217,0.4729984521049446,739.3253646646767,5.757390270056305,2.8599668997827585,4837.847337920959,0.20539834034138488,926.7758356782731,3.6568773765074107,10.404906107060867,2856.461292269889,0.14788466060859684,368.41924846772605,2.486694320194046,14.413813862482764,4050.90443343841,0.35290048000875973,320.03385839276143,14.4163857770602,16.358000573574635,2369.7890132363254,0.4700990832848222,364.7745542071945,6.674439459514882,7.260200079188932,1858.6096677411697,0.4602043165427444,636.647324518596,6.906139645741995,14.706072573507324,2688.854479976526,0.1127316834370522,156.0224045950436,7.312831010859482,9.672936158366179,2333.8387385481137,0.30485300247576885,139.59376175611567,4.482229474582759,10.10513799755652,1998.6483381512746,0.12384741832538469,660.5342838974715,11.616241003365378,10.746543682742898,1886.6346870841567,0.11047944360417783,554.9022431698857,6.937690325882135,9.464689747786744,3739.925193132041,0.2391387424082566,912.062285518893,16.342101977268882,4.286878228285623,4686.359931315058
2,0.46999947802033337,621.1730746874824,12.403875548029472,11.52256322967353,3642.390099231697,0.3229303758587254,908.0689018760382,3.567831808728628,13.729235326584309,3286.0479903849864,0.12028543118059609,137.56333012488267,9.902408590489362,12.539143184275419,4341.269716174945,0.38260295390032484,111.9280427752754,7.372243686465572,13.012058106934957,4608.974476714101,0.4537684014668055,899.2371750344913,15.80168048539525,9.214775051785674,1530.4168520505552,0.3136071825246165,188.33684459023004,4.596440050366416,5.300454047482141,3017.576326252328,0.4236725211311805,762.5592891379013,17.83872497042123,2.0851573001971078,2114.4138347552407,0.24302424978678752,309.21894394057523,12.707905219899082,5.686366003543396,2567.7362262419574,0.16631440207947173,843.1851570043162,3.7950018942006825,17.95864818982514,1796.570540021408,0.2900470995176535,309.66834624395455,13.798536722216891,17.278542461548476,3308.8848706993826,0.30483461722092575,734.0842672847683,5.227212247250821,13.94274418187182,1454.905633920953,0.3932431310000225,665.0320455142887,5.402038102968345,4.9245362769025585,4886.37001710547,0.39472885630946386,214.33079822991155,11.359667403725714,3.6362656546456984,1246.9941845136082,0.1610976743418415,395.5266389325248,16.93659846078777,13.07546308309243,1679.313317600418,0.2949642304876504,338.69332173667425,10.517411415189033,13.354148674586677,4669.595431011893,0.2500460803089074,558.4495127916605,5.429014079610938,15.01505601789851,2171.111711753348,0.2737042361104972,198.03592505938425,9.709326571387251,6.64986853450502,3652.940301666246,0.46114642538801054,814.6922369506635,13.132358800761844,11.18696912828793,1961.6740876904664,0.2797272428879518,632.010862639834,4.888512023686256,8.409665485507634,1831.9716150254558,0.365515753384839,797.4646517427036,8.17125996955933,11.745939289747644,2550.0372450808572,0.19111152211353538,314.4796947942513,4.339105973559487,16.60837892696722,3233.432538744849,0.18693554321565214,933.4336693401086,15.113023065784658,18.024292155922524,1334.3656829965003,0.4744465563755701,638.9166355007679,9.640687049147665,18.73566168388492,1389.1760964472219,0.16490508750986382,548.2005737349837,1.0636390440550154,10.256791962238239,2620.8917382700115,0.21343017262337513,851.9015420824559,7.210152862760433,15.208628082188389,2080.0834711634525,0.37754910923378004,806.3952536416535,2.877546293357457,9.795046530087426,514.216814501736,0.36466953366253185,498.65673101643586,5.439577441420148,6.279196301668971,1154.4835935831816,0.18981563413989214,938.073656962183,10.91533154517429,10.63236324692299,3726.742205791831,0.11732493013658357,488.3243507223601,3.7719193573990717,2.1963767818738864,1874.4337539860444,0.1494949504045136,862.2329732152732,9.080152486900053,5.731406360656877,4691.599838436375
3,0.23910210269573062,127.86853049301376,8.487705973833098,6.970432089560987,1128.1942705910205,0.3875461209321004,746.8209248304454,1.9167448286210225,9.690920390972009,4360.441536389351,0.26675575758265746,98.44622303780719,13.093273101453628,19.494678698410706,4231.724905126205,0.49753375593589866,308.1204280069538,19.579489800915677,8.110565207524479,4719.1285998989415,0.19704883153772812,732.3302207041985,7.494533481212987,14.379209599115462,1885.491301920272,0.24463676091302022,683.1709644784256,6.4456039486148695,13.986081908835164,1890.6781908731687,0.24378154231513643,385.22859914661376,9.879052706391198,9.490987029988466,2166.8968982208826,0.37881945642873327,933.0836754593716,6.958198813289016,11.127988027741916,1923.8002153698626,0.4500613885276018,615.2466568228327,12.110737924667278,11.22868489357189,2932.285460040375,0.20406619122720782,961.4547509706741,1.3035716517804161,8.805793400618125,526.6001140845887,0.1408462127159622,812.7792582940533,2.2083991935431317,7.442341535004442,4586.003891591752,0.2719666119540791,357.7026164709051,12.159233458561035,8.888794362792126,2615.1503520244937,0.33088188948377395,734.3635158296509,2.008704751517806,16.109150544206166,2741.318441869895,0.2985776657821516,340.8794196489259,16.682264568355958,5.838965243135723,3826.181423040278,0.4138925894533789,609.5266482655749,4.264198064583039,1.9588355972334373,2253.9735600159743,0.16519016449803964,916.588267756194,13.431365403785662,13.703166079512414,1032.0558815891332,0.44383359564428415,130.88184998134273,12.347277804605975,15.641987913246279,3353.570948018846,0.30466773748655324,801.5101677442103,3.5347068862130167,14.71592520783936,2579.7494419330706,0.10501879668599377,522.9197616743634,13.574663577885564,9.050953162610911,2866.4478470308827,0.2839014842335956,365.3799687737551,7.271031419293308,12.519037015569449,3818.005498485494,0.4923016441381243,200.74472535090078,19.56722052388125,9.070995384964391,2888.262420927045,0.10967034559459116,281.06640130468986,5.773167372290734,7.4342902542232805,1448.2309647477596,0.32057270113742675,984.7407158011546,4.38869687686006,19.26110810265515,2658.462380775753,0.23156230514973053,800.1778870230048,19.23385796088577,15.119290863251484,1928.0225637760523,0.18267079581930387,955.1701487675131,12.117352351346591,19.426992920204768,538.6368577281237,0.2804275555886331,311.87248175085915,12.042519043006642,17.372521566605855,1879.6105832129692,0.39060600549074986,977.2079922402934,18.605934718947502,18.43369033687868,1674.7078057186584,0.2067355985049443,377.40227671075536,9.551601407598985,6.731272515318782,3432.3224234015333,0.49148838492615643,548.9305837629372,15.708977390530674,7.088925606790886,810.5910319002971,0.49662243674342044,213.29884900730065,3.0549981020642116,11.886986001374714,4760.589507770391
4,0.17658207576933138,993.6063617400171,9.483187787650111,7.038902953794932,1158.4090019936693,0.3460427312743448,229.833738187778,14.878912916236956,11.574624758220653,2084.0647720651896,0.13418546537625042,547.3267933032205,10.48768381937088,16.013178420256047,2494.157499889171,0.39456723553166595,154.74292806048118,15.732543301026103,17.13309425832063,3830.7298477493164,0.3173102008378944,399.8109512673102,19.165287275666994,19.189859401933546,3382.2201971505733,0.2696028027171958,978.764475369038,19.6887416659415,13.027250887207208,2253.703898662346,0.2620084510308776,248.27798121782698,13.565572339664675,10.08603149173923,2256.7745945725983,0.15961969461308834,822.5874252021075,18.479921733303705,19.3163493274766,1144.032425040633,0.2929745012992767,270.4548668776645,10.92195560637591,2.172568876957396,4619.967037495796,0.11655126230795064,844.4787996458977,10.838360028568623,13.123355800736235,4794.376410642005,0.4346296962817605,492.54275099425314,16.40426710009325,19.60846177338533,3706.132329762846,0.2990877696875367,610.1634583409271,6.615603732929156,19.828793718105572,3530.5403305738128,0.18774323428420697,677.1704392881495,6.553636674276495,15.279211744301568,1907.5342397776833,0.15986750924132864,765.9703825944837,11.555551970577982,16.945199336499847,4447.791169142038,0.1276015485793327,837.9991845083265,9.254713958318854,9.82039162785276,2709.572440335903,0.17654472422864853,530.8804620177709,1.7910822914722049,8.340261187563453,4029.5820449951007,0.36428274079768574,691.7928945687112,10.111336438514936,7.141660105338276,1783.731823282045,0.27015273991419453,777.3617308355887,11.292264748502136,7.922468176096415,3795.377695195781,0.3425398679805095,929.6008371833625,2.8569632009894397,4.832634548349489,1588.3981152442966,0.47060945855656233,513.5476532635093,15.771599994860665,2.071276758933623,3313.2768268928403,0.4484168701667528,585.6656921572177,18.1084139973973,4.323406290324936,4915.873343541203,0.4792817049954238,346.3761240685754,3.9083296535662106,7.150520233785435,4187.425211644295,0.16167036846197058,945.2158843069178,17.67544192345513,8.96865744751371,3539.2348759854503,0.11931857692196086,950.4913371966779,15.36654575767625,15.506949787279463,3615.996421197222,0.33836818127304435,527.1359892751418,2.70221623724346,18.35025599870784,1857.453354689257,0.4973046514300744,828.6333156498373,1.1235666661088617,2.014270654194178,994.9409445680587,0.19688312068908292,664.114680706968,13.87201046389066,15.502105874371754,3092.9537018148185,0.241612215950485,835.53921179948,14.58703281823148,4.954137487958239,1958.8679000431537,0.48015214304534115,776.9481428616067,13.638774629989472,17.71779888437438,4665.312862007768,0.4079638378924446,534.0607449780102,13.908303720312821,14.855480492063567,2996.63059462725
5,0.3427661765114406,885.838455671111,11.695945355940964,5.9599950956302195,2785.617311204615,0.15982033993628036,930.8076830313149,19.77945766584186,1.023264809715847,4097.3685603315735,0.3074763246792226,325.8418487507084,5.221871487158692,3.527661849116379,3311.886407504437,0.1779721517169271,317.9698673399093,15.687229776812512,9.890283273059302,2683.619403840486,0.22071548395450014,820.382776927353,4.820356246660889,3.3132801486219945,4306.641023492079,0.3152903366644356,635.6421651326741,1.4741299626756634,8.612459071764082,3343.096512377855,0.49329936697915266,535.9419245531756,19.723525212548456,8.858492180810366,1879.93103369251,0.3488237095886887,833.9071409550143,15.98810267271773,8.639851391667058,2108.6546073696036,0.3365053348967383,256.5191278873415,11.796933158244606,17.806310223712266,2724.8406787155213,0.3061405369985175,337.5603050695227,6.844516667263066,14.513997330287562,2800.049498875046,0.22055397160564955,440.66378852776955,2.7518127707705498,5.437535839618305,586.9965527046318,0.11533680535345213,562.4343067725688,10.940673282328643,3.2452378122360233,3336.7854004086066,0.36224779075089075,859.7698273753292,1.7277837169240424,17.436523870240425,920.669941180191,0.27312109928611017,312.52983693158785,4.06098311304268,2.5109661123531057,2925.255018958289,0.3102976591915888,380.3767125844741,13.649955430929818,13.099679083925807,2707.2340867741123,0.16684977025835507,135.01459481469942,1.0790977895023457,1.5584109947181055,2494.6501799858543,0.1909676240540671,630.1705387578425,13.683406902095832,19.263766380408097,4232.35899749571,0.4274604701938075,722.1404861973488,11.46466685754716,13.3363909834516,2181.8560500640006,0.35820854099293176,961.5613795072799,12.762461908689282,10.630112693817592,2652.4943701155607,0.4149755107256957,726.9865396510489,13.801952803880125,13.264704810705213,4705.895734735531,0.25884685162016474,343.0748419134226,7.049930835763383,1.0910471821681362,1902.5664321569075,0.15915104458626816,337.36623376838486,9.804917900787517,16.483841921527098,3767.1651824713804,0.39110448316599666,386.71458057123994,2.0038216796184525,7.830388735063458,1741.8845292370631,0.29929743037544987,824.6742844937298,15.450259951257054,16.599748143674127,3765.6829652381275,0.20204609007170077,313.09072839451085,6.557682102282397,6.730936222301084,4901.31411004425,0.3068484254205902,330.1320895503608,7.143305031886456,1.2099251850652588,2443.9010448429776,0.26886685539483746,955.8622003397567,18.39333832234275,17.553829600709456,1795.7455359284727,0.19531693299038475,105.3794904666855,10.573032974584589,7.3612936448275015,4702.072015040358,0.42162191428149354,951.3641374633517,8.135925737046394,7.427389421885082,2858.1690086398116,0.2248129626322337,959.8685191130063,18.66619795907292,3.800473767841253,792.3161653898333
6,0.15091265648170715,137.60150261871303,15.954454369750257,6.464778786693728,2689.411027302041,0.28946750064916804,167.77120368600222,12.55698899252423,16.000798753945467,4950.733531473866,0.21268046659022516,92.93081023839893,12.381673868350699,13.575709738712176,3831.11832250437,0.1346063591771583,524.620538301667,1.2893783589703705,10.367269930149865,1859.6212817801093,0.47846982091282975,636.4455903525954,16.30874003174979,12.290372977151836,988.7982698559907,0.363425302586323,729.2860414739719,6.944706613132084,19.9390843409978,3084.4745303059112,0.2701430533017678,480.8152360353213,8.865836975092876,15.02509622741341,3599.4451523101056,0.43085974536635585,282.08984756022926,1.6150720261289742,10.133019346430773,2592.3945214786777,0.3939210506312194,573.6270519197067,11.913637325980385,8.851418428068756,4918.204765140268,0.11050935729525016,954.1670790580587,3.112033836620096,19.069292489733023,3027.732717195026,0.3620452428966773,619.2773007906518,5.149441813752156,16.254406530717812,2087.4667902877445,0.36720897417353926,524.4674093999106,7.852688880829943,13.034179204814084,4653.021920395524,0.3648327658018109,892.8812670874587,10.803017285777381,12.098693697131852,2577.7620896122958,0.41560484880998394,984.3692372258605,3.207440616554684,10.063530102175914,2607.8673042574915,0.29444213809328756,702.8091293613987,14.742397641636822,11.25286933688444,1486.220045865624,0.38953012473589,841.8747449225601,18.79287116547943,4.58673025063888,1179.6976480295612,0.41430226306221773,722.2170400849006,9.97726408838378,6.958658886823814,3189.8849529436993,0.2369250396352298,840.928949906523,16.804297122400286,12.627122424250757,1274.6032891352402,0.4123144640822698,412.9095857102499,11.940038953857446,15.382888675097256,1872.3502593712808,0.1903946140020445,744.3006197388511,10.327142039096517,3.694628047708711,2165.166099913834,0.2530984503960128,767.351821221101,14.655218293358274,11.239631859212546,3031.0255265188157,0.17541963697355786,945.8943706131099,14.240097923917894,1.3537711437625521,3443.249092414341,0.2995489099532951,207.72136658192505,12.367061620631379,16.606127452456626,3194.857143974276,0.20558031718324168,362.787281257888,18.911573624588897,6.00129247893881,740.9896642892069,0.33387339859088916,797.5892442079282,12.882942425780735,3.8483166545317515,2067.0366072585084,0.24594198932155595,962.3687429967586,16.503377433352014,2.2320819049163183,3478.913414565073,0.3743006096305822,845.4703990918576,9.889686049267118,16.292251404808678,805.1820962229681,0.128534337867526,370.40069885527123,15.238815331609995,9.64922417122925,2521.0426518277777,0.29886508737886064,638.1542379645338,8.88911849318974,18.505850580305996,1460.0681886813486,0.48353610376271483,194.82295072992545,1.6130231460921451,2.112411686466574,3889.842857719171
7,0.49539931641642043,196.43573409117906,6.824981270284297,2.1502908440640085,3040.389947292715,0.10767071711946703,394.7419596978789,5.630143084527897,9.931458754194798,2212.4051608289174,0.17202205510389101,98.62735984718103,5.049256089274093,1.1108603169154059,4705.456065739504,0.23657385169883172,505.31395385336975,9.188277615084388,9.207360138673069,704.9350331429016,0.4372522857436435,237.5312312085129,13.583475890981015,2.2349803436968507,2017.356895163046,0.45967091991467435,487.0802789577924,9.826705321734718,10.466774630827022,956.8383206929927,0.40881646887251777,210.38312804496863,10.093649712429992,15.218341304897237,1952.0910011338628,0.3464262635391969,929.6894684565251,19.28923463590037,13.245180310665313,876.993590834458,0.3326506777753476,50.68882105821095,4.44665417821449,19.372058767132916,1732.4460947507075,0.28600978647887026,777.6744967271628,16.8574504355782,1.4408217826338272,3943.160825593008,0.3580694896698159,749.0290646438907,17.092067980177486,12.372775027355512,2228.0452617201036,0.14197871507134693,296.3418168331118,18.879970748411477,7.206654577345827,4723.093909811901,0.2399387389332866,356.37871766701306,8.95935166043898,10.279743691682697,2702.6082453459276,0.1690723188888973,467.8301785049484,10.917242420100298,15.720717966796952,3592.2180776983128,0.21817780224989589,969.150835584622,5.857371656784502,15.697254057586868,2447.0678456217015,0.3823102901108183,377.2653523421603,7.959063456070483,15.893204191925975,809.1879500994304,0.2523301468348063,753.3190966097216,18.879637393719563,2.294902949368181,860.6986222056463,0.4768602779100949,866.3588063522303,17.76750434010898,14.155056462513208,3765.851240731035,0.10008185149809373,484.39667425519343,16.129493141245156,5.894376308125918,2853.822681174772,0.12012892862384512,762.0216129448601,12.223277167637947,16.68581431946049,4979.166332389607,0.40365516254648537,821.5803637466171,3.2598953563866315,7.8957531547105715,4859.589485357816,0.15454834979572804,980.1173691219672,16.40794575024045,3.599460340349573,2553.40668089707,0.4057697889835259,136.11877500165525,7.689619497243712,11.794322403888968,583.4611533068088,0.15710584433158215,287.0501694828048,11.950084913191406,14.427833922007311,604.7555161054532,0.41022632804225456,353.3286719771056,9.715412988078223,3.2879043913848482,2404.2855736589618,0.3814799454239467,409.14708035350077,4.240129568761891,12.48578229992776,1223.3651602177629,0.4823592345855805,427.9059614314595,14.032288632073694,18.3431415482342,3456.401611073811,0.15812880907614366,838.9406259631852,4.743696812706491,18.327025119114932,4854.705647294701,0.11377663282272339,957.4028742286371,7.903265271558138,15.649093681651793,2545.79154604664,0.4829622275836333,233.8460477344756,1.1835281359087673,13.650810781648403,3974.480790144449
8,0.24380695342504066,661.3616363700228,19.971779942753034,10.556100651386068,844.1706493472909,0.3769228087351185,781.4552991225144,16.770971539571832,18.1761864608815,2158.8107617301057,0.1023287708994387,972.2272105988492,12.871774824953302,13.580303327765883,1156.3041538357597,0.1543748701097122,819.166008618526,13.332435971116805,17.22133398738625,2963.250702206551,0.13307137979021297,402.31278998681915,13.821837703770012,8.510623786239089,4991.7430423939095,0.32542392400226217,572.9970419319699,13.623244090565866,7.046748348513236,3193.9025983343445,0.28972476840531836,505.9169695406387,8.00054487748045,6.7126121795058165,1917.9880236181284,0.4713964956368152,200.55220812902118,2.6342550161219283,7.622492195698961,4638.129739320893,0.4792889220804969,743.8977242183993,2.603251730893661,19.65746405377225,4981.353466008548,0.37795835798970157,470.77308352013796,2.4586821215583283,12.819480942901007,3286.2640860135903,0.3082553555218084,340.100894043022,8.642331329268204,2.1452389183864025,1715.0282387739708,0.19484631137924643,909.2161761347495,9.619207411697843,18.070142834570632,4686.383509444489,0.21510471668179576,950.9678775817538,1.4703209800316355,19.98134369037293,679.2689303277825,0.436801880493888,774.4295533600671,14.770245664119926,2.1677493237822087,2588.402668054542,0.3183280295836935,322.1866184147437,2.030917371251203,15.551172977144516,4102.309715212068,0.21762919933451463,892.1456588324154,4.228062469397214,17.19536741359735,2467.1585003542205,0.4724891434683208,153.67080408691578,17.659131867525964,13.020809296981934,1906.9691593419382,0.26474885639466883,671.1213842432709,4.359209822459565,3.006110747164611,3463.542456797771,0.25528986816403704,61.85685850405904,5.7096991892164475,10.278650997890631,892.9782303467116,0.18975299302897947,772.8796035167445,4.355046448358256,7.217750124769713,500.74076208314744,0.49254648523475153,872.206215855962,15.660393809319867,8.892608097996455,1906.7343157093321,0.2447290713077869,713.7030690488505,10.862584989365011,14.963721347119598,1218.5722930123343,0.473463152572439,593.5860075151538,16.30329528351441,6.892405323053898,1539.9773207797784,0.1264777894590779,814.1550884415561,2.7885122299499603,1.414256984146375,4246.2073124603285,0.15185323432502207,719.2117751664173,14.089374297078662,6.030906897341629,2674.5527100235163,0.20440719799435914,454.0735398115718,18.94844660875933,18.713899091566187,1539.680202376922,0.4418797151978291,995.1687391666039,5.009106347322262,5.412576581699076,1211.4456494976262,0.18497139073399224,157.84317415953552,13.847574135958501,6.099191846300711,4194.143826927415,0.15366286564592732,526.3198877183087,10.586534472148854,19.018249045405994,1801.0768303631344,0.28561475939820863,91.07300960504256,2.907834967214262,17.453717031480707,1581.199870152596
9,0.24284399302822668,873.2151723338244,10.940797309551211,19.351781897620782,4391.448312891012,0.3360977550280341,338.9333587485538,17.49472451014417,5.120240046043566,3526.0412011794956,0.16274631225669003,832.0522321780317,6.424283787080732,6.389210778584879,1385.0164107532437,0.3922676724806875,520.689062421879,18.476193804126176,1.6323544130362335,3902.8266009837594,0.19828877448089202,237.69701914661036,7.736391961524474,11.266384855417185,1275.5484489383693,0.3494521352674176,950.1370555838262,17.358559029269113,11.494663192907378,999.0081361227576,0.19832668937500306,670.434397396848,16.14468682264038,13.017980455123555,521.6226230627752,0.3611308006139998,671.2807799863477,6.1099057943889825,9.568170752447765,2877.3609001258105,0.1057129821196933,105.65504923617928,1.913028631021548,10.197778512445774,1468.8913609374947,0.37209514224519147,368.0779233064843,15.403305693546452,8.3251350787025,1741.4781334030083,0.10583102560136118,105.1992600647753,13.987373188704419,17.6689852199598,2811.218308077593,0.3357534171383032,604.4354941900594,2.920662991263247,14.985570176495786,4958.007828604415,0.27625381092655626,801.096039469199,17.997300562650608,15.650560164941718,611.1985241738897,0.21286369180416856,482.52391062539175,19.438949650583478,12.332854490744266,4706.730093867585,0.287528776508044,876.052143341268,8.48180116813314,18.61968217653717,1862.59265153832,0.47658924395746893,831.0058553428355,17.317954394912633,11.604867647840049,3236.2089762442347,0.35129481684512753,399.96434951816315,13.935895021668065,8.453063342046196,1989.8899566562134,0.4355004160577015,610.0473634077887,4.612461211095336,12.651784748516377,1189.669205231094,0.24319488704759706,795.1926515508605,1.0183392506805036,15.85198498361467,1525.2265124215712,0.41435894703729304,721.0604642771658,3.6655361342621777,10.516384886054825,4890.484030107227,0.18582277390863977,321.3106172536283,15.544928548937964,1.3838421413214066,1411.916065188197,0.2478383789838613,297.177848433682,9.677624421072045,16.249203724951553,1554.7037558416353,0.3978583699593332,642.8771018127368,2.6252693254770523,13.808907372966763,1424.175666971981,0.4659012423538563,555.22778339607,16.684195644969506,12.54823649484817,2290.328939069859,0.2618452147629021,210.2211172223455,5.863371850381662,1.6234934433948767,4108.9695517713535,0.20190197353051798,929.7980626621221,18.886074150390897,10.242194479367766,3790.321672127253,0.4084453227149035,70.2720752784998,1.523193039326953,3.4057641612197624,607.6638103928126,0.1733697813531371,359.65655899391567,16.598447635931333,13.46834404700542,4323.121034155976,0.4938638384235823,644.6968963026216,11.31716674142449,13.820649218608803,4967.008020677233,0.1021072770990855,700.4464470300906,4.601369945754577,8.743889699865296,868.4520616683758
10,0.3928078701353841,83.07177858544898,18.166770132237982,1.4954184171997515,950.5913769368537,0.2880928733188324,420.6567364195979,15.532859050927193,17.229999525347672,1299.0495117516082,0.2760940709009183,947.6622558382038,12.668680658202968,12.647462114290725,2379.301962271272,0.1550394841383494,826.381104611669,8.456929810229514,14.521239615239212,1643.18101875574,0.33427689204212263,280.87574842094705,2.6768981888535404,3.1351484456190732,1980.6022829180702,0.19699098567381093,158.34085122896397,1.1406100343144199,15.222698259787931,1858.5833270934647,0.45073322072127564,986.4800198807854,15.472690650276963,6.831430292898614,4549.998045629525,0.34071249189530683,284.79266352471114,5.482254162767735,7.24803647011774,4588.441498198108,0.4564032384481611,302.16640940342506,13.726849455131477,5.207545978465749,1272.0303382635939,0.26273285263128465,234.2197256764535,14.673277967422495,13.201013336228433,4489.583189500143,0.12790369345210117,660.9522572807252,11.837350426665848,2.5262164059018173,883.3230681417184,0.4797082786732164,130.43049973805847,2.117663893411948,7.794013078376658,1829.0645852258128,0.27543244340108575,225.131382702747,7.6921136410273,18.846937786686354,4540.4075369347465,0.11455895479065861,972.7167101217746,13.353074555175798,7.29008897663538,4414.768615762935,0.35412263068446126,140.64502280948642,16.67600423474265,4.33644745151757,927.3314864613349,0.16003018636546176,888.8031015290181,15.758843210020043,13.700661347626754,986.4546070919573,0.41031162351764483,784.7023754825337,5.363432166169709,3.31991441645148,2983.232997808088,0.21266164284193462,561.6320115515699,10.15495782962157,10.21308951871293,2057.8240942533916,0.464970862630841,252.75786534770342,5.263397191560849,12.145112598216729,1457.1972949276008,0.13926797281133024,810.585280188136,15.12520594145613,13.649234903641153,3908.9669101113814,0.1145286409301582,465.1727068725675,7.8870564035298525,14.675815097470956,1064.9813339559446,0.12463950335746526,70.05337714212727,8.322430669374592,15.419684578156474,3980.868168068548,0.13188936504649532,608.998920453965,13.640453009622961,4.085117132694979,2829.0732229417845,0.14183839413144758,309.06702254867804,11.799214436775578,9.557174856967555,1139.4823689284667,0.32190418523824943,959.0072578120626,1.4315445289644986,18.018132968666873,4553.722002644612,0.257007241506636,680.0004384097696,9.12906855935254,3.6428693316749388,4223.334364393058,0.27252617465898155,172.25510664388526,2.723665452640878,8.24673305682909,3238.493885090508,0.3169000501464464,77.67801547009942,18.157306552575292,16.928325790137386,4121.9176646829355,0.3529190502086246,67.9090462893485,16.49961908868353,11.856160984787937,2735.794157030533,0.387487732643224,841.9297014715801,12.378661129897921,17.78707694644129,1063.181493642051
11,0.2360539587373127,53.92192114233456,11.445770081137042,8.367941966187953,3893.986786851946,0.2374090203460348,161.5926427783023,14.602997476821574,6.415713453207058,3286.387471948891,0.25220886801504033,206.62534800158838,14.477951197358717,2.6324932121078675,1877.6692083891373,0.4242673717111295,756.7202457052863,1.7552571750700037,5.667772740945537,2765.6451417950498,0.3332471993880111,480.41061267526317,9.51278691614074,12.892213316769778,4674.824236400791,0.28756108133968117,768.3739684861378,5.6930552952115585,12.954784782280724,1452.791395860892,0.2640985547220161,630.5649731407782,14.83390857535602,6.342616548444408,2789.706545047925,0.37190147977653576,738.5229674962088,8.719923465739337,2.1059845419775485,3413.1013545939786,0.4655035011647871,788.6166505354995,2.9587507340675505,5.266912141452526,3898.776284670287,0.13322469468369028,868.6424014402634,3.0484443135674906,8.532771509423426,4443.653287320908,0.25277602169771296,717.998016712372,7.642227753332763,13.368723335735185,2202.7151561949095,0.11820106346252657,365.54094057078476,7.765848261101484,13.270151156733673,737.1068476734039,0.16898343887847136,539.2806332740477,3.3394626176440636,1.1958871555588855,4491.003292310811,0.30342959506323497,272.445533475591,14.715945807681868,18.561262226240583,4925.689970021994,0.37223908622903124,806.5290553793468,17.655152061563864,12.552002072699475,4450.907041644439,0.2048727459306614,815.3594575446285,10.040422380301221,17.733067133300306,823.3624114174538,0.3058184100686261,264.8081872229337,5.910559313293033,1.8818819070266777,3343.877179108275,0.3140187626395863,596.9049532992924,1.3594451481155887,2.743407320752741,4816.955850028298,0.31966045559533807,471.1737657003037,3.325655754438773,7.219580709254669,1223.1266949111366,0.43911014877350996,570.850565607967,14.221465371954684,11.886070921302615,1274.5953637014215,0.41422948240386837,258.9986895471585,8.305088226686433,8.474565053021209,907.3007037975162,0.35011126495417844,463.78323774425684,18.326304167206317,11.441962469866189,4739.4064602907765,0.304205768430304,215.74827257161402,8.222789526142968,15.307548934161487,3206.355092798312,0.31874916132227127,941.9006856321162,2.292573859699745,8.171329803647236,3640.728531649476,0.22914448998509715,667.1643685856808,14.357803841642705,1.4628923448313,3304.2161065334626,0.36956573631656076,760.9149243552257,7.150414102897428,10.578465406460747,1368.3146576331692,0.48833399338980354,736.6982290608744,3.513172514657547,2.76695939157795,4923.245403405445,0.23907754019394312,934.0113686405995,19.758646177578594,1.687816534736554,3464.968670571721,0.48081592246935034,146.34969133219053,6.141618875305796,16.526709976228126,4978.21741217392,0.13529066207753787,704.5854044944083,6.527739138428685,13.046846502980486,1473.4023404890345
12,0.24693863535801094,747.53135389705,10.55362219626236,13.999342897090656,928.0786918458787,0.320431031820697,618.3321252103684,13.21622522925568,16.05950091860702,3162.250272046028,0.36052960045247495,563.0679903285505,11.428214096320863,15.654439728866107,2488.8839649756255,0.4247424837765569,719.6639909334713,2.1260923631674054,4.2386237505679665,2126.8426806870993,0.321463598305416,385.59272792133794,4.386715775630369,11.905511797504975,1934.9272221853387,0.235569008870131,738.2278704589974,5.82517326604029,3.7274829537909664,591.660935259376,0.4507039734287015,835.738679611726,17.82040900041298,12.207030675175238,4789.896359630858,0.12064435853493732,258.7254786557567,18.904988070996936,19.99950389231006,3378.1584893779245,0.14630657697506508,957.0963939471392,1.59172143784352,11.7624512920491,3339.132737717125,0.31343044924942476,713.5698196503002,11.563825304765569,19.910185721643145,4878.233901034729,0.4801852570386661,842.5672820327676,3.4531077362211935,11.127059081533035,4616.534998141763,0.11093782383574716,292.75427872286133,1.4867541149995689,19.58756339201029,2776.99664634982,0.47831896219626713,944.702289377806,7.72542838129328,3.0816688680150195,4874.878479085492,0.141196261678488,958.1973576878448,19.54128487985304,7.893663946597151,3053.552654355675,0.26121100396368335,762.7643219960826,3.9052321796493135,4.327035077774594,2055.4889516749076,0.47797740282355194,451.36742328456495,2.640067844575892,12.901814736241866,2492.7687580046663,0.11252979300273021,729.8967973854333,15.008539154732825,3.850406684832125,748.0260956064373,0.12696428746100463,282.0395862041652,13.92486894951088,13.010374046020473,4725.383199650528,0.44006458101513457,228.08984329342601,1.8303814255979476,2.1047155045708017,1212.794764963743,0.3647443304235236,557.6735935365887,6.202800274482389,13.649726799476262,557.79468010745,0.4458401225407441,454.6608396115431,5.777817481202915,1.1096533046372272,2160.45549952091,0.3733328857334076,806.6890509687154,12.22583201279766,2.6996772731443914,1238.798017360998,0.10723934323613045,342.9680862335388,19.126723531726014,12.737926458058782,1888.2763650418497,0.3746790606216531,174.83855941463207,4.252061727563259,9.374114570661982,842.4840420073608,0.49825991982316253,305.68126578377564,18.331617471131963,7.757513114469164,2567.2847295328315,0.12911728072778406,423.983914259648,15.313722711521557,1.110645471224702,3961.9496055733794,0.4382783491061736,222.00907082456413,1.7131875186772003,8.745448763573027,547.9551237013931,0.27274932487389913,952.127286768004,12.329410201033161,11.028520426669703,2450.3627030634607,0.4683567657739347,157.527674446279,13.950305181988288,6.362296034006416,1383.3840360215463,0.32752304214971983,248.01602423585356,5.253597509976515,17.661505629767717,2826.2231075371583
13,0.2549424282942153,776.1667538842607,16.963068897247098,6.196592343567081,3073.95162730484,0.41711512241385973,117.54881835365109,5.162790004486764,3.9802017445722675,3067.700895181055,0.2791502493474737,129.95298427148228,11.379577371036126,1.7051449464690374,583.2950693511709,0.1343816987328066,722.7010770386963,8.116232442567835,4.155519939324221,2374.2058784182177,0.47025687407369776,614.8226367925253,7.712473081167348,15.45885913874298,1684.479288234398,0.218081996260317,582.7525996245981,10.570392750531681,3.3806417371798996,4326.90461631684,0.37005157623616614,301.79922916168914,17.6989686787801,13.453111811574095,3173.4822042680926,0.4498555284814033,950.534182620089,2.291609865376952,15.32565861811303,2497.944663672385,0.27278082589985014,835.1110732484269,16.949607897966814,12.819241552283794,1076.9678962344951,0.15589636537478127,410.2710226685984,1.3069229165085567,6.9578878770903465,4521.342478014756,0.2117954967507958,320.9441136734036,15.005279008897746,4.846403019058316,4703.436322533721,0.39561825535216244,303.11894833442955,5.9193182470557115,5.514468971554233,4191.297067360935,0.14659169900756963,110.51514156999733,13.363324743203565,14.302265531314854,2591.5225601427264,0.19646086020917944,526.8199681635278,14.12310405644375,7.137833556880994,2223.5152667661027,0.44792982598162645,337.10153281428757,8.148803937457956,6.646079211771338,1509.6840341880845,0.31370891529174083,318.94929961484837,13.59897103246444,12.109421462416371,3019.056165650015,0.31299783374670176,219.45506786156074,1.5405596965257131,1.2864259008466778,1125.646484316695,0.44503637350018477,189.84835290216722,10.219490942491262,19.724602381728403,1356.7820655369394,0.21664397942014452,988.1425378653881,6.352934943010158,15.596779096688216,4357.166863231398,0.12697111467633296,162.30281236271549,19.84417736221561,10.433229176089666,1179.5321810832058,0.3482932878783753,625.9030380026569,1.8591342008217628,14.058434367727648,3969.9725907032794,0.24677295711192718,923.002764895982,14.229494174866517,1.5656689540087794,2622.166519946006,0.258949801176394,797.1625814585955,8.652733712264785,10.054977792581097,3650.90145348666,0.49484005058026503,183.28615088712758,11.587907796689946,19.09785820371573,4613.67954078328,0.4122495097081159,858.163731982592,17.422069639893184,16.33639325359752,3757.0397466571358,0.48654699901335785,815.1506537998711,7.561034004003485,12.597388093422662,856.6948110814953,0.30234341419452226,653.5678344129876,7.3311033153636185,15.579230504505771,3872.3509447567017,0.2747534513193636,627.8518990625693,18.523659983182974,4.090359065692656,875.7202474089238,0.22222370903829336,964.2563971051068,12.019150684459724,13.311761808051088,2570.614126815582,0.14147487676286447,259.563798416582,6.846435361184029,19.080112255352876,4109.0476763814895
14,0.1807287783169704,377.40270198687483,8.04183244374758,6.74379722911972,2717.799306787407,0.469365232643128,122.93744594832363,16.175907026262053,12.822293970261626,1163.593560808412,0.2570116821015178,298.99439549338524,3.1583880234060926,13.193651890811683,4320.998477162137,0.15950728967417238,116.70304217305126,1.4873928350999703,7.5805120481517525,2491.775305004375,0.3865279066367654,243.22929982898992,12.443926228169808,12.065664502635565,4879.339186825814,0.26355036695633044,742.3008339573726,1.30063299367773,17.451049819663556,1394.1446501884402,0.49509443688882626,368.2285431644242,8.812660546195755,6.060745156518179,2773.4412796117367,0.22727974983376764,322.38471235149694,15.306239204790007,11.876581708757364,4763.298002097059,0.1059018186476569,458.73782245044885,15.987931388841083,19.477959253870758,3941.0737225076946,0.2127023976426545,220.42709995931966,2.5071487049149126,14.71353121466165,3318.4123558693464,0.4816821928681084,358.3333503126429,8.28308576588916,10.795336027791995,2571.9940727672947,0.2260757684774608,697.522005916579,15.129959039804909,14.168189097494146,1396.077069428714,0.35414930245764986,388.1932899959793,4.1887869945015215,16.455336156351567,2435.6477664845634,0.11700938798391647,823.8812149729187,5.323194506366322,17.879779297413474,2966.2110833497895,0.20806014433265987,93.26270565473078,6.723644241647008,12.34731046593842,2340.1986076976646,0.11302396953534069,684.7891667649793,4.4004262173820345,3.603953171113594,3036.518633241982,0.12230765698934465,370.2443398015546,17.312915754477828,19.707040747439365,1579.4560953941912,0.11344933557841963,494.57688755680493,1.6776127618781986,7.804497003075178,1535.7279068392036,0.274138652565727,452.0242872700744,19.132499080380374,17.245341988262993,2481.5848947021004,0.18115517208482723,524.6647778407078,7.552122394223822,6.327094777505105,3216.498434121663,0.3525431130255662,898.9047132949789,6.959484612874678,7.557136632434793,1381.7536723258245,0.2188564155134476,74.66386870832291,12.923516330995891,6.868929913037094,2782.988979162859,0.49140301752641047,93.61777790090117,8.866557452835782,1.5755756515494996,3818.102110560537,0.27240668421991987,177.4948310046538,13.872504881692468,11.076232363239502,3994.3238232397307,0.4786972231233485,284.98274758897173,16.967292720426634,6.078396757299572,839.9510539122068,0.3006351865259548,881.5088076458583,6.578921315986308,18.783474752588308,767.9955731742032,0.31950965448052504,647.0413824564238,4.144138856713171,5.731179195320299,3641.6611293439073,0.34209537213319663,954.0011890476295,19.452463693534423,3.9031592120316976,646.3860892535037,0.4940342723229173,255.54695449373733,2.0991483805425055,4.032962115617351,1142.4411112783505,0.19031651479253828,144.59165429504836,14.887117393278569,14.974949008137909,970.9244783144478
15,0.3625317921466573,745.164930707665,14.807934758181927,9.031647789363024,2615.8700443176513,0.1118489017134797,911.0919117845821,15.444972365006944,18.26602757346185,2362.4869134125065,0.46218885272091115,357.7092526435276,2.9229520483668328,19.001076788029994,1702.7749954629091,0.1749648876433404,868.2476113125526,7.193633779508258,17.816957347969137,4696.173058954395,0.4830468025947041,874.9824341405756,10.598842197087643,8.800050881267008,3171.8000267875746,0.42037511225060686,325.4072530337757,13.22765075937492,6.469480681452219,853.5780866755039,0.16676307774974214,567.4868765741452,7.275264866482075,15.651436532630099,3804.8991491728975,0.2855663954572232,151.94335833538577,10.401598248226513,9.453351042059516,2374.039227181037,0.4593224330724712,737.3382358274764,17.425220575476708,5.0227451582899505,2322.105834280538,0.479613826743586,588.0055165478475,2.2796203464990437,14.836502197124938,2552.8607642870875,0.48774460912828543,464.5789607237492,9.727505234022887,9.455259171490523,4713.744131007404,0.14247755002951448,336.68388475478594,18.41646317366892,19.32176422765611,3613.224021811189,0.36209697281175346,870.3448811372132,16.408497772952323,1.4423449961702757,3142.2931640933098,0.2726141856682791,139.58632819043652,2.7782016407389727,2.5352312295502006,1022.1774178693744,0.25590995371577596,767.4888380196094,13.288519138048786,1.4115076784237974,1785.3157477930022,0.2627902932590007,103.2493135168192,5.737303252504858,9.337765150656955,4552.501307400976,0.3552008530233969,638.3263047171451,5.404889364625484,6.94517914214717,955.6305934626757,0.4471970225451215,592.0397068209644,13.086054446414556,2.6232987602234514,1307.2053642413161,0.15318572322415955,714.9847365387636,4.471917803249358,14.926151998805915,4039.0409899794918,0.3778140914732008,62.856968671020184,14.845407944495783,15.624130634776805,1063.3118690214014,0.18921751015530108,676.2047265642229,14.87614279484528,17.019825363465056,4049.910836124594,0.426651034132399,938.0770415007544,12.950351380134968,11.91616572701809,4944.324501631177,0.4952893458986426,560.2561106425037,8.423721287942621,7.246758015792471,1493.5516869657647,0.4142904897930375,796.9284626951659,13.20299828727081,6.772241790148327,4470.187994652559,0.2941963352639699,307.307306859438,6.542448665787105,15.649900611919472,3789.828492989292,0.4519035543506926,225.5732997981268,18.643410385368497,19.778645284675605,3636.46538649309,0.49345595996656155,146.57409838317255,13.235069050857138,11.656393249601114,3851.162720012299,0.46919860282836723,92.48908363688774,14.273821026558613,9.641112299758799,3712.311908228286,0.4588688968386586,172.7960592687569,7.1545579619941595,12.08616112702847,2596.1473008608255,0.11411001941665258,241.94774685464935,7.39089822655865,13.760270212122059,4686.081681634451
16,0.30080741870638084,792.5344743120186,6.507014697231809,4.687361978618114,4542.692617000825,0.34565883553119725,264.72148840677085,15.039222204178278,1.0551452079719854,4808.5701101623345,0.4731282264702119,496.3157429691361,15.983740175813276,16.751886949356745,1195.435815723184,0.36284998692902437,796.4374584965594,1.0721536504241136,2.7790638442271773,2813.8200238178792,0.4299055810847364,691.7859964433623,8.776315217518048,4.072939940217274,3912.3826002688284,0.10502954092316658,562.5176927353926,4.412753652019364,6.698261158734309,1847.9390766169606,0.37136434835687815,117.62650961420103,9.864721378366012,10.49646831779549,3686.6529113267425,0.24722259683452874,616.606385733427,14.841872037292173,10.750543669470572,1225.7717795803546,0.4095708884168605,676.9271154735103,18.977963402421636,18.332451108744287,2296.7827304490784,0.460174302605578,707.1007945282912,10.052403802679173,4.271679054976396,1302.5083029530433,0.33124913192492095,259.53183761644004,2.7964779904117965,1.137172633469381,1651.9435155627295,0.39285502598768374,673.8795167626135,14.32002781020755,5.931010604658241,1187.9255837804794,0.11904327819110297,412.8282430618785,10.530189064749855,12.100546449759763,3111.8650464964035,0.11629377152201444,415.04561797104117,6.300493259810364,8.622703238256957,878.5294685432332,0.33035616149249947,345.1435935097937,6.194819263047194,12.381382998787457,1274.8016622572093,0.3519751667900173,334.73007593676215,2.0707945955403053,17.00891852737875,2715.0640392979117,0.20447639177000815,409.30945821858586,8.669718691071633,7.684526835159438,2559.994616992417,0.18347835661668307,437.47815096896227,1.8999589091705482,2.097109909653241,3551.3014133330234,0.38586390569605966,887.1031826744729,3.5751095958018313,7.375153959316217,862.8056787820958,0.3680268277340125,214.94319722687894,10.493459521454383,5.422717315026719,1206.356999924485,0.34263815047063717,716.1636836994329,8.944889829544644,9.333593126427202,1984.7457087421722,0.1674816786142043,300.82025628183794,2.4447878946209505,6.049422379284289,2899.3479152925547,0.1404642138516252,624.7402679676234,5.629609354867226,12.33693542851417,2359.5856520390284,0.3062894248305948,345.6885681501073,13.454770949882535,16.925933021961658,2553.8974803504884,0.11254250683522549,679.1901179825803,2.1575910785689096,18.495702004844198,1068.594365835394,0.17475468394766874,826.9394563734069,15.82787115119285,6.3234695845810105,3227.9158912210123,0.41634656327444375,311.09384265613716,18.694737277482268,13.976918727479191,2276.152489008149,0.15800639199930333,621.5571199465891,14.313671735502796,9.873838478212193,792.1863448680741,0.4872508895819502,78.08259557947686,16.394263143868944,3.8921456763618685,2660.8029628335426,0.33464982140824284,614.2572673292871,2.5167157912005864,16.79365501959455,4514.631768649532
17,0.3207197238807813,574.3468343091823,19.167712045103972,17.48567293259719,1334.0248927763182,0.23367608479941304,550.6314206953369,19.30342614115009,18.696259822802507,4214.6755821818415,0.2659415299238387,600.7049786712041,19.488166440488808,18.061723446479075,3391.761024897446,0.4687845488617134,636.4760464441885,5.77289797198657,8.997028312316893,3872.0132603384855,0.46886592137693683,368.9593142081882,17.76709439741702,7.897934909918253,2686.343833257152,0.2774355038926999,720.2779617814607,17.787794953238542,7.196109552595751,3503.8312300012794,0.34167646372338856,827.1870262112471,2.773490354620687,3.39172811656646,3479.096836587941,0.18551388874289346,970.4792611500766,16.978657628789083,8.902413929799058,2685.3909654530644,0.37799364867976126,264.23039037193524,9.248092331493872,19.123281108344322,1025.4610560275842,0.43403521061053607,656.8699189130726,17.199400584097425,17.8466886549711,1450.045083517286,0.3178239325078663,790.2601091317467,9.435624017750188,16.915206888416648,3223.9051362920036,0.2851111269946538,885.5109216520796,12.225320663387066,16.06776185542856,4019.3437881814216,0.24903171354787768,250.6323544480038,1.2326318626644566,11.064590496695772,2221.844215303725,0.1345073338618229,354.72084745119435,4.392446504744474,17.73664837961121,2101.4938204627724,0.30638231174707575,165.48533870686595,18.995524190650208,18.58012914099239,2331.246397552262,0.43130411272893776,986.7148929061357,1.4973610396125698,13.90857027917828,2916.244722684131,0.2674987807088548,180.8338331590706,3.7973540844617686,7.399142559969095,1203.9889090472855,0.3667474054658908,630.7726334611065,12.26411055990316,1.458590160571446,1812.0474809044158,0.36432711084889424,728.8284315400948,8.590578187055232,5.868201822585779,3434.077305810398,0.2309476409387195,258.8030445949005,17.101391166020882,11.848032020190638,835.3475278010021,0.3418197472037977,352.2291447867599,11.42289690840852,3.2523497077277748,4122.801109176495,0.1409442476358822,991.3861133477284,4.013470531895796,15.274825423201719,3496.424098182456,0.3883855652227406,959.4975485853445,18.738525051720302,5.643592140437354,1721.1558311118788,0.19624882334701388,108.7808412751933,19.867134674979802,10.637250745754356,2614.3076318356234,0.20311434262455932,685.7343130229756,9.297654370442702,7.9865417918056645,4537.2608497008005,0.3283394994184537,746.7375577611863,17.211808857132503,1.8694026504550525,3720.185018295433,0.25203167287857076,522.3134685453072,8.669770902611734,5.967227883707668,1848.5092118178873,0.17660265824468527,224.98558801308516,18.104995448807948,4.8084602703210555,2870.5700930128423,0.41474835917444397,51.76841963365379,11.335573268023905,16.509918154416702,1348.4821069334898,0.2495741948971554,935.2836521325639,9.08120620000496,1.4629003002113254,3650.684388168718
18,0.25617909252595705,656.3681324223303,10.34479878531486,17.26061969518122,988.0796622254138,0.1720150531707747,627.6002731423558,2.268223337804555,12.754020877379373,1107.3398533769223,0.31721084075209627,447.35824385317693,6.782742962277418,8.312245682604305,4564.374046995998,0.4242711627071972,944.1947862017093,4.80492828917269,3.772950197410525,4899.514848869438,0.3693641395054831,533.4624874841376,9.33616779146912,1.4525176388269894,2262.0237488829544,0.38508537397211295,274.6947253125124,6.252345469974321,5.451102715732733,2293.399593073753,0.4119917693287114,770.4090139708139,16.97582994283529,8.787828303077948,3190.0342249442874,0.15608989697739603,235.78932945727885,16.415435846700312,6.513967291652606,1614.8740956818442,0.1755092792987236,640.4602701880905,9.233666427246398,3.3293619583440868,1062.9150447500754,0.26576708159330675,464.7561337786112,4.155867545632472,9.23672852240528,4750.798526390412,0.3969761416297505,668.9605176586006,14.499943101073606,17.23456085931543,2298.5448671041495,0.45202286797437774,152.3795236742842,13.229907640794956,5.793195355065365,4001.856958863346,0.350197029790387,414.1284481254091,11.616268846454105,2.0294164227926386,3342.24460195022,0.22689106010621712,840.2339090206118,15.903852021321418,7.72112679640645,561.3853289250462,0.13863767992184584,264.02596576229257,15.932440002252562,4.894895244513514,2661.2525696223042,0.25887916376550657,281.9260658639053,16.879225001909354,7.092204244289368,1766.6447581180516,0.3079932603472497,626.5092230704453,4.691949612043366,4.692453097064493,4435.7116364941485,0.14402616544605207,913.7623394280531,1.3516511649952914,17.69528318683942,3019.128610848898,0.1265616558378091,639.2067386800838,17.024077709396554,4.794530606152209,2087.5886152549756,0.4964085595012122,282.67387894919295,6.668952496813752,19.874941976665305,2916.9912142846883,0.3003699204132796,473.710037990703,6.2213771310231385,5.568327110388914,754.011062359824,0.22108010404587006,450.27868250123595,12.969345460545766,12.988907882601417,1359.0167344830647,0.3502553356102932,642.0144539050207,18.236217183655675,3.221758059523025,1133.751523788578,0.3899531861885883,300.3653906470087,3.2807179057592086,1.0285867456472437,3806.0197673091566,0.36970006776558073,240.69885777923255,16.321413094787808,6.630850026725017,4957.6194633412415,0.400667060057157,310.37930046512724,15.539886723161905,9.173960535569131,740.2259465401643,0.4274377620356984,118.37591704008416,14.399067019582116,10.51255409370165,2641.910881536478,0.33546979295790874,463.71206721492143,8.315722571670577,13.294352594097571,2287.56637274547,0.4762491226335075,125.5247241816039,15.608521491010773,13.096714398800342,2661.8788503245464,0.25086279425753166,499.18385473053803,5.246365997364389,12.880758609630385,2549.5875331485227
19,0.4771204590524728,118.28710588689675,19.25697172206509,13.586790142157135,3157.79670513756,0.16853537117130904,151.8173424710385,16.542841549356517,16.094022262413468,2845.5834620747796,0.28829372895691285,958.7134974143557,8.674321556863916,8.359902251897983,4493.849915788346,0.29848637272206086,135.80853320940616,3.344105825465509,12.690331961036517,3498.6232869994433,0.36132410706608364,57.78813264372002,5.227510877029076,10.373355038459524,4220.76195353588,0.4463116428831093,851.2781750591092,13.518838811264988,5.369223408117492,1428.2587323423277,0.13175891258837177,189.28206082783313,18.038977119747717,14.454043966124274,3018.380308600598,0.36070621321396645,994.3310521817592,7.902376158158391,19.84177922610458,2346.7684654185896,0.18490019835680457,513.7658980221668,2.7415580747600967,12.013537475870129,3006.6565383195616,0.45780688421486027,917.7394223733704,12.09514655040145,3.3673027643296702,1298.7774653003564,0.36576279126477573,604.8634410593852,12.565079345425263,15.500014117864971,3627.743117274487,0.28229445834243827,171.8426083689506,8.211519654416055,4.642813946458375,3687.631267620336,0.1446861127202794,378.2036733398563,15.332568418381806,3.339938546384356,1830.9405613762178,0.2728943277022884,172.34641353988337,7.297096564933468,10.48265380075605,4167.964954716663,0.23696886839056927,869.152911908392,18.099341775568057,16.077626638503638,4502.602175167798,0.14420232059897795,620.4999531338929,4.434907733105398,13.09156507613913,4101.754737429528,0.48774339028169567,198.30379952561034,17.310381968326958,10.846960195419442,3540.162175102259,0.3841067254516759,463.17790589152725,16.515801476975682,1.1392126606036308,2689.5929405562315,0.2758529488124064,780.439665388287,18.9585995631484,3.9266970605873075,3588.4518491489744,0.1718058096724599,871.5655474811076,13.130923204511298,2.97963473675554,2599.4934863326903,0.2465946877598355,297.27383702964255,16.9250973886498,19.188613252374704,1279.1222437085987,0.4374007637845858,302.9154959863067,7.164329995102113,12.262986322711283,3512.3120920732053,0.486523791948676,131.7769782639715,14.897174371134968,7.210409168780605,1623.4667080166855,0.16772222453151833,781.4549143944179,15.289299619403963,10.15006051267425,1205.164225745883,0.33613823839445856,97.5759379099155,6.792770954796994,5.157631516477263,1534.8778907783878,0.34460179054269713,435.8608481215533,3.755711494885506,8.920089521815122,1408.6451206021738,0.3483254807099184,745.5251634798826,5.12909799483491,13.487278488029137,3704.5491972900236,0.29453807735947624,565.3437551626668,5.742168640156947,18.277604749552513,4204.385087209026,0.2729804619592332,972.807302134174,11.00686946856734,2.45828965291887,725.8734256210353,0.45311305809032965,355.2089649479488,18.613017674408855,4.127054066719794,3835.424457200225
20,0.3039547425043483,392.87763293214306,9.341274049486353,11.10863798677044,1157.8118689649568,0.3562718032390605,766.6893789979379,5.724946866218677,9.957496909066895,1639.28544788489,0.10473069278505474,316.5422222581709,5.543671811124841,8.074089552892753,4695.00334822532,0.436462053467353,426.8066736878192,12.026464535910334,6.630504895655113,3640.9390669270224,0.22441293567809015,650.4937516297464,15.565345589630544,10.443013411784717,639.3574760564051,0.16712240407398773,229.30458693082656,18.215817835915786,11.559335900795698,1865.8056372958629,0.1703848836475106,429.3887567472336,1.0470120240115195,18.09755031564749,3822.5976203064033,0.27798100121675484,565.100491110944,12.362581947541582,12.190095695631822,1404.7140706663208,0.4585509691393521,310.8285238471518,15.290735722962564,18.591737007463017,4244.311293294982,0.2852447303816641,788.7866761295713,9.991019197992491,4.496784450817215,543.8358305038821,0.4517021047036124,659.476150377499,2.8677414427746553,18.566076985510065,2195.972492380228,0.24105674190980986,274.4570872514712,18.833325259537933,5.539770187044839,4840.397305563132,0.30664934874517785,68.42470106013329,18.381666622111418,18.311213392489876,3649.965301581541,0.200420924606942,394.9185880369697,17.47697468041411,17.446801421246537,1834.2712816100611,0.10190655923538744,372.9851573878966,9.279855428013985,8.847934054856493,3809.218725054213,0.12541814626828351,92.21136370438191,17.310508528154426,6.523487818678317,4401.492841306377,0.3350047030941036,823.7940169898575,2.4317658887779485,11.333168110916628,4417.615836257628,0.42522667834601924,392.1232872802528,11.01725285472685,1.7888681113224505,3398.2770381276746,0.3941761450813971,752.9673418175896,2.9680637606855584,18.589746212766162,3370.954757422437,0.33082258145896654,814.7113170119909,2.6259373586420516,14.609121772676497,1740.0720168458663,0.3544117761157092,426.41952758720055,4.5590241991344875,18.98024909749649,4102.340842526104,0.3044585195188095,853.3008583429239,10.863124610545162,19.883265729665318,3309.8476031993705,0.39097121124421297,530.6617240812266,11.602090628031554,11.052631657897283,4397.085109793503,0.16099959433980437,731.4065287847664,1.6971350469744269,2.9975118792801796,712.0972081734267,0.35389848229165566,855.5026045421907,9.61735208338847,3.59737576147234,1911.5351885763841,0.1074808916922605,924.1945292981483,9.202313102226944,15.835547512930411,2137.6559628120895,0.45911518888506453,537.6651510407105,2.3344077508106396,2.4503710279143407,4361.811438362288,0.48911644001717347,204.6421587685217,6.076847075313042,1.229609710530617,1865.623796895574,0.12569938180883922,156.1561246430017,1.1497154941604042,7.4485739203772585,3653.0979555812623,0.29984000499186747,432.59208829785206,7.483714417109809,15.458944034006924,2708.1368924443814
21,0.28208083514863813,85.71229203305414,6.4269076669149365,5.0962508589070685,4047.3118250082,0.42008493714014106,333.40467289546604,13.553357160862895,12.28086386366669,4985.159165940475,0.23483667164178096,447.768042246485,8.735211620360767,7.899178463204715,4227.492383641335,0.4806004475148967,168.01880190097415,2.338664721551317,13.757621607721884,2951.3138250844095,0.20931245347539665,76.60388656036157,4.542987158413547,15.236910311180946,3646.0180078640096,0.4154826286297524,134.7336881286475,15.715254862592873,2.826860031224321,594.1544138799438,0.18700810355315306,466.3298499420407,8.468395262676793,19.131042243997232,4087.718059411955,0.45319197561368874,925.89925819985,12.985100150186105,3.3992226681782,3166.7243782430064,0.1687946410956443,832.9258298216597,16.735497824553008,5.088129675994295,3993.2913626171558,0.33076000243100834,511.29846911171524,10.122108189789323,14.0692115183454,764.9839692673991,0.22001016113490635,676.3573566659708,15.006467050284986,14.58644952090549,970.3104505429535,0.4003946262638941,905.6051175900475,18.903674076451832,5.948386542567267,2275.0068192276785,0.20051605106358483,799.8043319441801,6.847634307205191,9.910988102235384,3082.3506399973435,0.22193505135617564,922.9129575857746,16.84690467803702,17.366293063452375,4907.499022184507,0.2393219831984239,70.6812949554417,10.859796377196526,17.671177023666324,2815.7971190707462,0.4639257636832257,583.4503236672676,7.97024193988791,14.48229485374977,4362.010605160811,0.21595427595477729,417.32944130708756,17.190826199757428,3.104332118562265,3938.0299749747915,0.26902691466109774,862.2991458968266,19.552304970552264,12.412364434026228,3609.012453172529,0.38230026443897125,894.1776453400198,16.54924918628653,8.90255869630911,1888.0473251615385,0.47870752051339005,456.1816858002309,1.3285636763284572,10.291677444294084,1132.9726501438554,0.17943436771920998,990.7499512297387,18.329573624090425,11.875826760816873,3078.878119455145,0.4369517858907497,130.57639620038086,18.764869775733338,5.3607096546652055,3432.4135470754295,0.2309605953896281,202.75078111826704,11.127728489698496,12.241554391734258,2996.0885521965834,0.4135933918534599,150.14841815382488,13.973981678821563,2.79055958049722,1788.343808088541,0.17626078547018317,619.12985794351,8.295765354424196,2.95242777159695,2457.35323450334,0.3011249006386903,667.9827885812472,10.189716006993622,6.381678198650825,4224.1783647150405,0.29720496431074916,795.7764556635128,10.556295759352132,1.0031845788423421,3914.335867375958,0.3222673907206738,729.0564941786423,3.0056873246517823,6.580327922624928,1599.6722175756656,0.14881664665146907,253.57759573477858,4.808242366868573,9.018122547294507,4944.7592551718635,0.3622946011191399,622.7765294317868,16.31556586401755,15.049147548840432,1426.5121832863483
22,0.3467596490566808,630.7234695994069,1.261801980131005,4.781670703090848,3224.4459625769837,0.42643049294251745,758.3005882862782,8.130266117855726,10.661006153924323,1046.406383798094,0.37121706154752176,376.3938008661017,7.5571875627326,15.690494072829624,1420.1679389397787,0.3561166895515495,356.7493222923505,9.063103850671583,12.56499250936666,4535.881225650781,0.23513648321413677,670.2351645163092,14.131632606167663,14.286488395018777,602.6377827472096,0.1997347939860542,68.9688226475771,9.958277877028431,1.388040619255825,3942.9650173443106,0.48393831874505333,220.44966207551158,15.031265687883328,16.426211678186892,2325.930309384434,0.28546014560037053,617.9643521677706,11.112110859592185,1.6334918626617836,3756.0748675880923,0.35889285604515475,201.7305260668719,18.45791866815343,10.773862943709819,2380.6381989829033,0.22742198188566648,541.5604564860754,1.4922332445006468,3.817493338770078,4147.334108167679,0.21414021126595395,895.9936346589805,12.589847954884537,17.035513098332782,1387.5063550205805,0.22151539648686264,465.20512104160855,9.313462133348304,3.927613956734852,4688.71384771645,0.22353675744861154,358.3969195186611,6.2400794997508795,6.379405775608192,4481.781148471993,0.22730226308068444,881.4931560245178,3.817164489922861,6.961970485986673,1557.67958825928,0.2011245013847093,680.2376760795519,6.448729733358668,7.631794672727362,4665.016511641933,0.46903145725455353,328.95626563907757,10.42812770915893,12.211010720056414,2962.518125815877,0.2689324044728224,930.9246096059024,9.067219694553533,7.877373424659931,2856.366264715145,0.3317289039267821,496.56573863241465,9.630582896604576,4.015866902254886,920.4125600162333,0.1143792296657459,735.6613408419623,14.71961981116031,14.239939501551042,2137.3303958978286,0.42619355560143823,93.67138391203038,2.3487827619044648,13.334862364489368,1304.8565979575428,0.42129453222171287,339.08273518652834,13.97568707530741,15.526706473163102,4768.030374233995,0.25265938667854293,779.2710237222963,9.546554529621929,2.202860148785698,1798.8280624511888,0.3057440238017638,533.8054578468298,9.324103543159111,6.976470342423201,4667.189580351667,0.24872994582524377,594.7873073889889,1.409366116487929,11.942977296312518,2134.5767357153836,0.43892044490143345,937.5103266202166,6.609441013044201,2.706158823167143,4008.113723837104,0.1404069711211629,123.61895403773198,14.012276714968108,13.789480066060985,1731.9684097693746,0.3145859327282807,320.25420902487,18.94060894190371,7.1811752231235815,1088.8070776557793,0.3423103831574106,528.0595850846577,16.33639056565401,14.903878258926143,4397.922409681644,0.1691180273782095,898.1740218855512,2.9157190769577097,2.5764261060214486,4091.984427563943,0.1202043806616556,724.2411448139911,12.288161280470112,3.453506441196552,2895.5489708659716
23,0.4202155774098125,915.3031136070679,5.202115249620928,4.870604850556741,4185.681533338191,0.4341269609984425,370.7836572550236,3.912584549216563,5.672701678320908,797.1193740744012,0.15855324490906408,761.2051295520275,7.827604305123336,15.043086407463083,2376.854825373468,0.4455943357292602,755.9771841389264,18.678793076319028,14.799070097597587,2406.6425605949107,0.40076315002561025,232.987368525353,16.523562732098554,3.8272389047958617,3828.5712540726267,0.31844561107010394,201.04442831887198,17.346660191499517,13.012923941156798,3658.262852722412,0.25816073802156536,670.0203137115853,16.281115578451136,5.396790907426029,1720.1529271570942,0.3746474843758896,508.12233467065244,13.878856426505124,9.672298540553557,4727.969477160981,0.14467292939648557,312.51742955818594,9.500559661977107,10.90893731415809,3167.3382757159175,0.496173966206522,266.84212852191376,12.645212496369712,14.307554157166178,2409.232684864158,0.30450558432220953,230.2905732068984,19.242912224992807,2.1915508934636265,1029.6187414118876,0.18454027257558528,433.7480235881881,15.068137974767442,5.230446112907693,2018.3038366796636,0.29621283047829083,495.37473791868706,9.328744578149998,14.671130427378065,1199.333069563544,0.4739108143271865,882.9593342173775,11.121569612892841,13.983861015116801,574.9572917037826,0.427768340075921,428.828345937523,7.840040338098411,9.580204240223052,4013.6570301938623,0.2669548854102868,299.9291189328179,15.510193182878563,4.073081536079678,3738.528779824661,0.31725933445194776,603.5578296152082,18.628881598072095,14.495290203000938,874.3405951805037,0.48786450728613706,660.8487251519941,11.737665635091648,18.993283885532787,4349.335014216746,0.13783891884167693,359.17503382798884,15.168759266105534,18.578547322713092,1889.263316108796,0.3244330458351323,856.9152493109215,8.942444247701555,9.132247765273915,2697.234212204037,0.26222374137301313,178.21177845895318,11.443665236186083,18.36550595420114,1969.8090187477324,0.2621696151505115,114.51759092885642,5.03478704128421,16.183310484262115,4147.3526491415205,0.24546009519216222,521.8306649738561,16.714852425029,19.94775154676851,3576.7814386938753,0.49991337424518967,743.1003676896585,3.1315820777225594,18.20986059298373,2283.0045482151872,0.17078158898770407,736.4832483141005,14.167287734844,17.404225830466345,1740.5319636514619,0.17510468273120172,233.66785070032253,13.890307309493126,4.45595995084793,1291.986765592942,0.31376824253451996,812.6299942725612,12.004823994226681,4.683509187463539,4321.910163290287,0.42664147886011106,923.7033263164628,7.264391456490677,19.622218312016667,2731.7374383961,0.18993729592187403,809.3429093815377,17.452943669265448,18.46516102146058,570.513374493933,0.32203940484352467,546.1120019055122,17.775519944432244,12.867884625574215,2431.057159239108
