timestamp,user_0_image,user_0_cpu,user_0_mem,user_0_net-in,user_0_net-out,user_0_lat,user_1_image,user_1_cpu,user_1_mem,user_1_net-in,user_1_net-out,user_1_lat,user_2_image,user_2_cpu,user_2_mem,user_2_net-in,user_2_net-out,user_2_lat,user_3_image,user_3_cpu,user_3_mem,user_3_net-in,user_3_net-out,user_3_lat,user_4_image,user_4_cpu,user_4_mem,user_4_net-in,user_4_net-out,user_4_lat,user_5_image,user_5_cpu,user_5_mem,user_5_net-in,user_5_net-out,user_5_lat,user_6_image,user_6_cpu,user_6_mem,user_6_net-in,user_6_net-out,user_6_lat,user_7_image,user_7_cpu,user_7_mem,user_7_net-in,user_7_net-out,user_7_lat,user_8_image,user_8_cpu,user_8_mem,user_8_net-in,user_8_net-out,user_8_lat,user_9_image,user_9_cpu,user_9_mem,user_9_net-in,user_9_net-out,user_9_lat
0,3.0,4.609627109670511,1449.5416856840072,0.008142627330587349,617.1520197454294,4.947456125265925,7.0,3.514991251011274,3928.6016852082093,78.02814969607525,207.34272369556587,4.0709098539565085,6.0,5.558425253075517,4464.26081072998,99.42663707916434,622.551109822292,2.327375227939406,4.0,3.755494692489351,1178.9477446794376,26.715392346924883,262.8269770665262,0.6906357967154462,9.0,3.5552487196971563,2256.886021388538,29.963168796948413,89.60478171794057,2.560276471815633,1.0,0.8907102299908538,3217.017337546095,5.674605545645772,303.73253502817266,2.417730450089042,9.0,4.254486163634539,2015.8635485975958,22.097035230061866,186.91886204781028,2.052745379265246,3.0,1.9704529090012408,4488.257526440367,32.09676133581223,298.1884433880954,0.2442740069799957,5.0,5.793019070339,632.219577873753,82.31465485980556,69.1652950047819,3.1357685152377495,2.0,4.866175627769245,1234.6883028225511,91.23121301968571,470.8857918751675,0.29254424293624876
1,3.0,3.96790705619711,3511.02709655287,12.533833532609462,513.6871366964335,2.068126099993875,5.0,2.070292190860318,3663.946949560033,41.43894671231689,491.7174364150486,1.79696742970717,9.0,4.967886417907489,225.46637575765422,77.11512026383525,491.3350600529436,3.6463094482332807,9.0,0.9030933580506117,4008.9805869793227,9.835460805548934,60.00329202505388,3.770799153278002,4.0,2.638511380769937,1771.8817794839597,82.23799974097815,113.51210794826798,1.9375459858215962,8.0,5.62258124184576,278.2506094065918,38.73980196914515,208.48745544164595,4.7661509040784695,4.0,0.87814062215792,1634.655988920839,36.42539024064322,608.7196341883864,3.6016379410070343,1.0,1.3868310193363191,1421.1018113176626,88.34551826732663,451.4189809355042,1.4330379616530888,0.0,5.4417847451126375,2983.221406336833,8.870329339144533,196.93397710099572,3.0993143223486967,4.0,5.801011269867298,4326.73774282409,51.670735930262154,229.12902745374828,4.731703788957796
2,3.0,5.551996685572029,2163.055837611363,6.670133031251247,350.9044943560326,0.786917324374856,6.0,1.6617319685457224,2242.80125722875,0.5709227173554821,34.732045653228916,4.920020383278452,8.0,1.0471678069585488,1651.929246690506,18.21873140383493,498.15322823918785,3.288680904448083,3.0,2.450775665697421,3022.906164166285,54.4927239282264,266.3183605522413,0.4229217065926173,7.0,0.6275171863478699,3789.1246099665345,23.187568814599715,320.0321570951733,3.3239952182839003,6.0,1.497272540752608,4009.0588030209915,6.668599248055173,596.006835239269,1.6080878270857049,1.0,0.9806183500686446,2854.9401809459146,68.98358407109721,198.71832690104432,3.1696395509930793,7.0,3.480915040068322,1848.5751185361557,53.44571409076772,416.57403421523264,4.425070458010285,1.0,2.7258652738785982,383.413434251426,60.83437268320188,456.3698142193247,1.2669849765996917,1.0,1.689086702956232,1459.4411011395919,91.40227438726724,347.27127550915196,4.5045647737799905
3,3.0,1.7870342898027505,4211.204159947803,3.071573522204818,153.38732743042883,3.8469038273501504,7.0,3.2046682123774337,3771.7780051049012,2.9432197249208203,633.2580936702702,3.7907782869048066,0.0,5.594189762431091,988.8115390299191,59.58463152727458,542.0654951983316,1.9642018864644162,7.0,4.525805552239143,1034.6099660359926,61.133310871896086,198.43031560695624,2.3457231874316515,7.0,0.6411630387204744,3183.1069272250384,68.57195995008014,413.98385106896285,1.386594717353111,0.0,2.8214462928388153,1555.1890226225198,79.98051607161244,141.56631545791396,3.2749732300632495,3.0,1.7895821442287665,4383.425244745763,75.44295420263421,544.0046043024989,4.780975806892185,9.0,2.5926358435808434,4425.363137217856,11.459918603653874,26.30238844613183,1.3242488014907454,3.0,0.571485074988479,2811.9702143149934,67.96794989100887,420.1668711289179,1.7406149726930282,2.0,3.3995713519517596,3961.5310556070294,5.170779188649288,205.49761422434216,3.8380409479357103
4,6.0,0.9259988403323225,3015.73684280401,4.816079715709954,76.74618594897791,4.246524652712228,3.0,0.976650209922129,3638.383101402985,90.52973152370865,543.5129524598958,4.577809051139879,2.0,5.020456307683259,1797.4804232479066,49.778848477039915,401.4473126008812,0.3460589833630813,9.0,2.749652458312413,1939.706653457743,51.51365486230874,449.5462158301535,1.201142256971981,3.0,0.8608513286998264,2561.3957122582515,96.64035836194167,109.15697071932387,2.631060868868307,9.0,5.886427254671486,4130.107257482463,17.47702251399088,116.95499270595828,2.483866511755411,5.0,2.376824473008237,3812.762515806276,82.77576913073695,452.3942701278194,2.9618657271823134,3.0,0.6801643561442388,4122.704968347354,70.88712136454019,631.0637848978934,3.6667989291860907,7.0,1.2044877629297197,4194.993273509523,73.31500173310633,614.1633257779237,1.3987195800604402,9.0,4.115116241868677,3796.2868855090496,12.767714710664135,647.6246135453927,0.4856127321642072
5,7.0,0.5367908382314814,3961.564455164319,31.64222659852055,429.29151668822846,3.605241634746845,6.0,2.7348618155192046,2099.969934105554,91.8405415790316,3.8755948194213796,0.45912816305577475,0.0,5.50771898188991,1767.0217435924956,66.507959891088,368.4850001564828,4.188493000295922,2.0,4.548698525518536,2419.672245002845,76.83331496265657,603.4117554250755,1.634685324192817,5.0,1.3061744145249716,2878.834569821893,45.34470207319908,218.56877728494328,1.0708202023357005,2.0,3.9407685443264886,3319.256160533464,7.827113068877156,47.922845065118956,1.8805296649076275,6.0,0.6834104001476313,1895.3473587479605,29.137540991412415,393.93543416263964,2.0458597700107948,1.0,4.150300268678621,2341.3722762720936,68.7743451306818,372.2606361061592,3.9913233207396024,3.0,3.238719092546765,2737.9274059006993,27.157178021980222,472.40702518968203,2.1504335200423377,1.0,3.793570449807902,1534.022280854387,25.92606067237363,412.3549178477512,0.9656386409632002
6,2.0,3.8353030240488883,4135.09914686981,7.421938309094012,325.12741468900913,0.2722839578616012,5.0,5.861099814389194,1869.0636512925048,52.56355203318513,366.1586533194508,2.0207184217864538,3.0,1.337250329163378,2353.287425903964,53.62829288238192,24.722631727708468,3.8183142610531315,7.0,3.1577196496786355,1664.893521892776,72.57743214011914,235.88740986507855,3.9667134338446908,0.0,2.8231372386639038,3691.2291609266026,10.147526228527749,181.77370738528876,2.2322648937967484,8.0,4.420045249999041,3308.4228918000445,3.3225000793163706,378.90202329101953,0.6782370990598672,6.0,3.106376875720593,999.6036794421896,1.1730918131184875,318.90673236445474,4.243386997038531,5.0,2.829998287919088,1659.4121794630412,79.95940023293224,15.742404151348987,1.142160815887644,8.0,2.843413936834293,1257.0583914145554,62.61028659903183,195.01399478245705,4.695264886785555,0.0,2.737640724979927,2220.6535873827415,37.25957366670097,699.2861944916152,4.556890860098909
7,9.0,1.5318026623869012,3692.8081936845674,96.08343435898291,34.832276548640465,1.1391880286269336,3.0,4.813272527261731,2328.362307376449,87.91461618267901,156.82306906401132,1.280079708890464,6.0,2.656734504225682,2157.9568637647235,74.84501942287118,126.02371251769523,2.933993475590641,6.0,4.896354267592444,1046.6501281712117,55.475059578067324,694.8207630287047,4.108751873614004,1.0,1.89811724139326,1226.6046604767537,77.99859281366653,594.8218319224574,0.142249038406985,2.0,3.9548896508855553,1610.0213906385804,21.150152025593627,47.6390338941198,1.401859775569967,5.0,1.7473895828326615,2276.0228585886257,55.66445719409189,209.13442906507316,0.8960532361272621,4.0,3.447748628349572,1446.1973061832218,42.7898997272318,313.09487870772705,3.08244966054346,2.0,3.015394439626075,1214.3305568933054,2.3897950484832675,439.8341469602094,4.46424381541942,0.0,3.1752371000448445,3072.2094529383994,80.21222291068074,582.3333497241432,4.192210235346726
8,6.0,4.391753024564116,3770.5128424241407,46.34451432712845,466.8213687338326,0.23505739466959386,3.0,5.449760830914717,4315.05457656378,94.43667787034038,434.6757517267112,4.397117050873661,7.0,1.4978167582519428,3500.080919433493,15.526730102243135,170.65422727912593,3.101098994336606,0.0,3.6211961410730464,1934.6083385959741,5.429300296481188,275.9395030881243,3.0272753191977286,2.0,5.2223437771672385,2500.69025125655,64.00829662901613,671.6668863066337,2.4595202669826906,2.0,4.687661447845813,2159.5668630772743,62.99899081565135,1.9336933062693684,3.689680064386308,8.0,1.7499232976632184,3307.524427911235,39.18159401091471,253.18095576421126,0.5959705814754506,8.0,1.2130203617580173,1075.2921130554862,12.314892931349885,613.0945227455248,0.5641413218238787,6.0,1.4403195889736946,4056.3646786581708,71.5672457416044,660.3687558514979,3.834848582214837,3.0,4.548342953199741,3970.2577539412755,9.844519258051786,584.3017468100163,0.5758968126549125
9,3.0,4.526951921688133,4278.185032998993,76.15218496253871,205.75715605079543,0.9746524967628489,2.0,4.993442200414229,4449.716991440833,28.870885172463346,190.61077068684432,2.6902996187685813,9.0,1.8043736223222144,1339.0202295242407,82.42198999822325,378.66027039770967,1.874057594236133,0.0,5.467968214831306,394.2516934302903,88.54304146234222,342.9933699700545,3.93292459950602,8.0,2.533298084497185,825.2022521807337,84.54473644053236,376.62241147091595,4.008430248592305,9.0,2.7784837141642624,3808.119189850018,79.17009608825445,365.9965742491485,2.3057898815930447,1.0,4.206984622014726,1482.786175403938,53.75028378013253,302.9081241376993,3.6535063972452395,4.0,3.6081713026926607,4213.413524275555,64.48879835554597,601.3394536742809,3.61455174652969,6.0,1.270558293031976,2859.212699249638,73.3349925739356,631.4041319605802,4.747372122876996,9.0,3.184276963158942,2100.5629115971806,54.61733119854315,481.10484572578406,4.307487795192766
10,6.0,3.516227359579238,2098.021671655593,76.40052529063072,285.73217068553896,2.2624229319185027,5.0,3.652165089871102,2408.249057551834,92.82769526518706,231.50198365289643,3.6973266365927917,5.0,5.713037406940073,2531.9239864392966,70.9792799889151,161.01530913549635,0.381636465597869,2.0,3.1051290629197403,1348.4772193471947,21.381591211055795,614.8692617860106,4.1797584701415555,7.0,1.6858523819621372,2601.914259180378,82.13256565303975,104.06138579346923,3.6033507290563334,5.0,1.245413625249885,1389.6519071037,69.38716916456946,265.0289931974937,3.9967847079512224,9.0,5.161448419127928,3462.5442789992717,51.92675046583324,488.67860605477296,0.9110904324404282,8.0,1.0204503710658037,2181.5889345074897,25.019468411891076,0.0958569475828619,3.994714981054653,5.0,1.055969291906459,1691.3078461906696,5.980289248585091,116.18603408136691,2.0822942749509243,3.0,1.8560804083594356,889.1587776782527,35.76005379365296,131.0579045254414,3.0474010461631855
11,0.0,2.4718264933676775,339.4612533436055,61.37560621418585,183.42233062302202,0.683517487455335,5.0,5.567553122040113,2125.4660496352008,17.884068907153715,423.4560876877313,3.9872564810772686,5.0,4.4900062736130835,2389.5393828693573,60.235651376141554,511.10685630441805,2.562232558931202,8.0,5.438952599548542,2466.4492972748676,63.090951440380906,455.1802035851395,0.9982545631185878,6.0,3.8592991496282574,572.5490946477798,67.61869733263465,200.08297425585363,3.4063179957784575,4.0,2.5950995516415394,3796.606350537175,10.588130315764953,388.30195347761486,2.6889577931162716,2.0,1.1006249539613417,3925.8207538257016,37.244556836241316,521.8558031451779,1.0417206588476606,5.0,1.1213255186259141,734.5648561666485,51.34553773160705,292.1912653855361,0.6744441227693689,8.0,3.6655480120852744,511.3945607315849,65.9059441863092,503.4492150131294,4.801801446927675,7.0,5.404334492519935,3374.0219259366418,55.191590621376804,64.82340197291347,3.8816108986278217
12,5.0,4.855941068961889,3445.68124705746,63.54007108275852,318.62369230569,2.6788042640553495,7.0,5.408956304088724,1681.368622643223,39.97559205877296,42.54179030433325,0.7615510529918569,2.0,5.83195775440846,505.1869045629105,24.117713457595457,631.6359562531545,1.351112791455398,2.0,3.4341395667278785,2504.7481552672502,57.18427109314788,483.30838848333707,0.7839916236380549,5.0,5.688104260761784,3769.720755161457,43.280573556902745,227.41733951206467,3.757263949179532,6.0,3.8806345603554515,1390.1189423109101,84.04427083197731,652.9473736217532,3.430058362585982,5.0,2.2887238941096317,2459.5051831927444,93.03311462371258,555.2364871853914,3.366800430405742,0.0,2.1917601068933106,2163.4123313993155,31.627162736989888,258.5794157459883,2.9684434770371566,6.0,3.7800194496479995,854.5684150362382,84.60839672772066,288.218103839091,1.598500041249798,1.0,0.61416221148842,918.4268711287754,14.922937934079172,86.15865286267886,4.5727960547267195
13,6.0,1.7152703972588834,2797.6842233382476,39.91449618651824,637.9189319867194,2.5861882361679913,4.0,5.986835712382615,2921.0921656763435,88.95206813842658,110.79881814801263,0.9244963612682942,0.0,3.698319063419153,822.5554521411295,69.68574874173156,173.66392339252076,2.341905469525853,0.0,0.6613675942062202,2669.615845262683,74.26346561322629,354.99415768067433,4.299465088584329,6.0,3.2332489128230875,2744.815313299464,21.77473140505921,621.2280554706383,2.0830204362115166,0.0,0.6731151832796173,1340.6141665387029,90.01972495012961,587.1042255729488,1.3537957170451467,0.0,2.361797162139932,2896.830976063788,35.429607822276445,594.4320886746536,2.9150921801962997,0.0,1.7484024055707739,3740.585338259487,92.17364365641963,284.68935649272674,1.659230656096838,1.0,2.627100846890766,1891.463253640564,82.56061628661922,215.18050597172424,2.3794703225048655,8.0,4.513514499054016,2417.199736597118,63.50796890486786,196.96322577297136,1.639423725179335
14,3.0,5.6306178154095985,1282.5282441374688,55.930774110902384,502.3548566056126,3.9582952947062338,1.0,2.693921241872453,2920.4951497764046,97.87544510879516,404.9892008345675,0.21900035073393997,5.0,4.264227100023726,1464.742437811335,51.36845829360431,611.2610776194391,3.9232569203288765,1.0,3.6035634540792043,737.6279684653197,41.944908581505246,272.6089394305971,4.749761372363195,6.0,2.5995292228386475,3905.1133689687563,7.47361297728829,246.23147529907163,1.8459853743862773,6.0,0.580569811016338,4241.618948116355,86.40008972197234,450.949724105972,4.349127412006607,2.0,2.2079304763070313,3543.6935934895378,76.32568032551103,330.78964397079164,0.2721753531357349,8.0,5.671447961943672,3249.5375852201832,21.143346155567798,24.75788895570429,3.532711334891076,1.0,2.3063453764500617,2936.012744337918,18.801081241450824,320.7221490702345,3.7794989576426974,9.0,5.4997618566921425,2007.0366824988832,17.29460064155427,77.34772635406765,4.730786999016807
15,0.0,5.893870029280796,1297.260312449703,66.00498531266726,133.65434054867944,4.76846186760814,8.0,2.8796790402033268,815.8202142289684,38.95981678156769,217.73384375444076,0.6101228772573998,3.0,1.3430805701495168,2219.7546717299992,78.54437908462415,496.4267280009154,0.2710098528234195,5.0,2.653893700587095,3441.0979139160477,65.95124224537142,677.3339581428512,3.794463493452859,0.0,5.9791999121410075,329.596080262108,44.44309515363488,262.8658766455457,1.9727390311618724,7.0,1.440504108103698,237.39623415061152,70.68930150167651,1.1910171083287957,0.7664244387717986,5.0,5.160789826470877,4161.705793074878,10.95961541060737,120.29038626603676,1.8457330436030337,6.0,4.9986678024629505,1018.3266523623544,86.02288760238312,363.62728345695956,3.218651771381647,4.0,5.543825235770188,1633.8643466578062,97.34205128100297,485.3782964533508,3.7626040900631024,8.0,4.5013620310063605,3596.7469815693908,17.473406778798484,173.75221060895296,2.5435936034711735
16,8.0,4.696384017657247,2656.6378934441236,61.78869994708977,574.7358669941603,3.692072430148596,8.0,2.410289218532509,2807.0725767418976,75.53931588733025,642.2854899380635,0.730873837649556,1.0,5.123698413755339,4228.005791995369,56.3526738151887,97.93403885818086,2.3863416911072024,7.0,3.880322896574695,2675.5877744125573,14.573607716577763,568.8757047491742,0.7082349305943796,3.0,2.69777522412392,754.2858097433437,38.58420374633895,339.1447211459972,1.9361639705332092,9.0,1.9852629401703343,703.6303582785363,19.952874535852104,67.33050822000247,1.1668512304986782,8.0,2.050805999340292,4131.576558115817,85.96192502941304,657.745441241673,4.852958722164758,9.0,5.060534897429941,1996.6863538456323,49.85179914312954,313.23295732962083,1.693662052016797,1.0,3.1200123308944114,758.1041667457157,67.709138357171,242.50112425518483,0.13727390906157955,3.0,2.6278843421341938,1692.9744809010908,76.5135773669242,559.360762983824,2.2603225908448947
17,1.0,5.965977702929644,686.1347068654759,48.533192189673635,80.6156270857257,0.4100587333953747,5.0,3.974969868658249,1691.4179390194276,39.503688046110895,463.18869961356575,3.1424747579019834,4.0,1.0556861445332844,3110.8044850035044,81.15024154790397,485.8379460833476,1.1225886766076718,2.0,3.1978456339482455,3145.3482383160826,68.66256098994916,635.9996318037375,1.0394399263499408,7.0,5.46731447811738,1034.6592815180709,79.4593783662915,493.7986434312501,2.164521684628501,6.0,4.325118113554868,2889.446666868149,24.49643556152529,373.790395183944,3.628052599280251,8.0,4.307465253855458,2481.625367289628,36.02262118862621,581.0900802821185,0.3945967051881325,5.0,0.9330122357290273,2209.662810523988,99.15959130135147,506.77668751508145,3.6556611336821065,9.0,2.1093593274819282,3426.8138984048614,33.14860005649055,551.7493052808454,4.253175565950788,6.0,1.845154034775602,3717.1916321846234,13.476453770035112,428.67375759814735,1.1464116247931622
18,5.0,3.556370266569094,4389.465622647597,87.45057480263273,629.3832174375058,4.858151661373494,3.0,1.0260795957591187,3962.483545471296,77.24679146471742,29.55584681070539,3.1706472795177953,7.0,0.9132930163065025,2430.9834682398528,54.75226801087568,487.94761910165795,0.265122060196493,8.0,5.4351076556109525,628.4558768860618,79.81850860389139,554.9623709094363,4.811431514521243,5.0,0.5489630613188727,3277.0452711293,24.881189972702987,699.2937876674783,2.7717500285479986,8.0,2.847987274414959,3129.639566346667,61.37248445049689,118.87336350620527,4.726729946650066,3.0,1.7222708551059427,4032.0281158827156,79.62589708075582,328.39512554005137,4.25591461627956,1.0,5.509409380443221,2096.148767553448,16.555143447211805,459.9740820298402,2.6887943417144737,6.0,5.820843031441199,3485.4935602366077,68.38485603108822,629.026182052121,0.20535107209423503,8.0,5.5170147932333435,2572.627375939832,13.738203880707289,499.8047221540223,3.343158444307445
19,5.0,4.38936461916425,3436.079875833778,45.91275839727339,671.0872873798909,2.72306569191157,4.0,0.5319135656802678,2862.6847991553727,24.655592502050116,310.07000867457435,0.4426828993545566,0.0,4.838167787202369,1305.0628120865147,62.8865547245968,368.4870518559882,4.207831312107446,4.0,3.2828567283127317,701.0167912025997,71.280224236937,554.1701444040942,2.1126824141475185,8.0,0.7546602585534823,2827.971579859313,2.8635618972125076,295.48757655570614,3.378684061781211,1.0,5.775039136923589,1457.0739076687485,41.0985594694505,429.72262695197674,2.9362334289089165,4.0,1.067113910180297,4130.730514788879,82.32009068185782,667.3156506783632,0.5011040501216592,1.0,2.6675671615689582,4224.438562501757,60.845566877307775,561.6422993540585,0.9638928131249294,3.0,0.555808380729387,2755.626860169821,0.7017117579729448,194.6656407068379,0.7220050571245156,9.0,2.584475683417486,3815.042691858648,31.886684788917808,664.9147280876729,4.894871456194888
20,1.0,5.353228808790946,2297.911199711803,84.55121180652337,468.2623427686768,0.48617354998380813,2.0,5.0998126166650914,3229.9265458902337,34.41490201122165,422.1074404270114,1.7618915737566239,2.0,0.5250873428782703,1959.761277033186,74.09219160664193,291.22750816601416,2.677143598441405,6.0,1.716352141127709,2619.9291803633223,31.1517994698297,585.1325034579032,3.0401158405557807,0.0,3.3203515525853375,1950.1520084992014,63.360069876650314,296.103999567292,0.9107599797210516,4.0,2.543606792536005,3869.351063154644,24.92020615597802,103.99847008418361,1.4740766782498218,4.0,1.8656597289461305,3898.461944005891,3.8478254940439993,540.8122576550571,3.4234856139585337,5.0,4.41910372882808,3295.7951223634705,25.553758484499077,111.97872578452261,4.004070530927831,4.0,0.8794391626969567,3713.7624543120437,25.05109682453255,545.4580273861441,0.5757977851063316,0.0,2.9496687017609164,3992.859346287787,64.58616706704315,333.2950237649134,2.3240349646299086
21,4.0,1.8496463148676865,1348.5490994289926,21.233787673080794,515.8960806987766,3.9301886264084764,7.0,2.868398058649791,1868.3700068943144,36.910304634161065,324.7805179674087,2.214293980138873,5.0,3.6588034162814385,1706.3977927770763,61.752131357991956,511.3648244176882,0.7018770610480414,9.0,2.4091964135340103,380.78298378085503,26.392330141936448,479.2195644213271,1.4922708564624372,5.0,0.611783962809486,4144.792830841103,52.07643162145401,96.96692491693962,4.120079942610569,5.0,2.4069123470432126,3348.260355890206,46.17227868967218,189.84140200015796,3.8097645583729247,9.0,0.7710417957912813,3269.6415982774743,68.1641315825697,655.1316221436336,0.5083903654514024,4.0,2.8876690449064153,4222.813080412213,64.22813932615368,599.5376387202762,4.561414125841531,5.0,2.1860558171525253,1750.4529930528672,56.460995332031835,585.0125402073633,2.972682463753448,2.0,1.2452901881287728,1910.2065142750082,25.40978603732259,49.07458672626967,2.830603954312588
22,4.0,0.9214546526447067,817.9336364499425,54.901292823070705,306.98627960795267,0.29725105465257173,0.0,2.1759711968509663,660.834782267818,90.76057349839816,689.6990359491751,2.557020775245998,0.0,2.750459601813397,434.6836781294187,65.29804100030141,54.35694097505759,3.821707973538708,9.0,3.001601870118429,2606.9641732351865,76.03381508618068,85.70818138554795,0.4510296840807877,4.0,2.4741022095056,400.1201410861197,64.46412643436148,228.2138016545633,3.2507084838141367,1.0,1.1142333250974474,2807.0422725945714,54.441740296840976,537.4704974125843,0.5031860428898293,4.0,1.6155906572666006,2103.8998037994083,96.22485711017096,63.96390019014713,3.010923763796255,3.0,2.0178552160094703,2046.059161559565,60.233682917017525,296.0016174862867,3.7400937515127857,0.0,1.7060024828167275,3339.979301453797,14.961915182425855,114.13295960449422,0.3232206577501582,3.0,2.0169596752321994,2623.375865077989,50.72918814191778,640.7742466593875,2.711983225771368
23,9.0,1.9608270868536124,4059.6799461742244,67.86661299211899,316.13876253706525,2.7317188224376365,4.0,4.702953390403591,4001.0995998054095,91.03934187699501,660.0155136428367,4.593568144653396,2.0,3.0547903955461657,2582.3183505566913,1.5665801248420652,633.2601372802852,4.711096763624245,5.0,2.0547507268587597,2400.6760636308873,81.37487814471291,624.4826606788395,0.19437271662088815,2.0,5.756957572223481,444.12678970523973,69.52393353239702,668.1446316069137,4.489122200710108,6.0,2.5689728339509323,3193.2085908564395,70.24825455872084,664.4834838520047,0.9876321543096108,5.0,1.695092400823563,1520.340699633689,33.80102838946427,599.3829901419515,1.8541889124570863,0.0,1.0869177645687116,672.5358627571092,97.77663663234965,64.44319047474052,1.4734706477220243,6.0,3.8235950136242276,1122.5433436520395,37.22344877873767,25.158440353649226,2.5555627831459025,5.0,3.883653896650222,3083.5757655016596,3.35772134187996,587.2945646663188,1.8707555793967607
24,5.0,1.9225961848613873,226.55265566129438,59.67507044651197,295.9631127566201,2.8268044025292207,0.0,3.6329084814198955,940.0885855851619,49.263468530846325,428.9002901021494,3.540196665158785,0.0,2.6689944806315067,3382.5571272648676,52.620680561393065,672.2991833608246,0.34355452894683236,8.0,3.9571552256349047,1243.06071238284,32.92030712625355,301.2302323450246,2.494715633722775,4.0,1.6177565045652662,3343.838710729913,54.1455367075364,148.87678159941794,1.9947051668927425,2.0,0.9632041375989666,803.615889951398,16.831408404877713,188.51396066693027,1.7547821536897577,0.0,5.622043263788573,3662.2097420557607,8.776220448207205,608.189362026395,4.2677491631173385,3.0,4.387339507648058,2640.6238179210345,54.45838526832328,268.96714812968156,2.4537051986977616,1.0,1.4696449226523582,3776.332341589791,68.48357772668511,102.71090367026461,1.4201128179771543,0.0,1.0494319876022353,1183.6313471690578,77.03695744153588,294.94290206337377,3.993553300276295
25,3.0,4.517579632099363,4445.199209699924,46.61499133059065,632.3503424490689,3.5954884230070636,1.0,1.0747346919950602,4269.2601633609065,15.23291585415466,693.8038171170191,0.40576193939058114,3.0,4.87110855191572,3506.5798920666207,87.86678732449072,555.7825243463919,1.892937506705873,9.0,3.7572380865525306,4135.498578777447,5.110879213002617,582.2134620937514,1.923204574161475,1.0,1.771563296096767,959.4920946975413,68.43999086831326,401.571948411697,4.120988315247839,4.0,4.228646864673539,4434.94762599459,29.059934732075156,203.51613902263608,2.471811009308069,8.0,1.310170294817122,1485.7305559704782,88.94992058288783,645.1639722470319,2.114754508419996,3.0,1.1132194479447883,3500.6560794077673,29.49786531637909,580.8740629126874,4.145984124230119,4.0,1.8752676520194607,1731.0669574315,76.18438631284079,414.5556781354041,2.5766306675711186,4.0,3.519948389857614,1725.0915577669057,67.50980580380667,584.7048997997368,3.389154934674384
26,5.0,4.949776688342812,3681.0715784501353,2.917778573986407,214.6955263686435,4.463684057219856,2.0,5.151938759325441,836.8283574615489,52.513630423841086,149.87599640258102,2.0828038646269174,3.0,2.1771399309937713,1573.347752224029,80.15645266230473,463.39744016436777,0.31728177126145285,3.0,2.0534379750602723,2612.8159248722527,7.6551138752600885,643.9680558556915,0.174861533881578,5.0,3.079300437560419,3100.019971076591,91.95887054761492,202.55425873622931,4.630368340723927,1.0,3.1670292828502147,1165.5456672606888,55.24070760799589,321.3809215672582,3.5999926854359536,0.0,1.4290332652263575,382.54214893209064,20.330761985868364,465.6325130342834,1.6442967614467265,4.0,3.6174637900221915,4300.796894745381,59.24962036413199,76.00424227204886,1.4892867282884175,4.0,0.5320670636040458,1419.3241709043934,33.3769839855602,240.37322789029503,2.4238330352223394,1.0,5.339973762234725,1920.5999096045919,67.17438329972843,547.5255266524655,3.769686871301362
27,3.0,4.89451219643075,576.6247113384438,75.95497492718903,212.17906285367397,1.0255825120551918,4.0,3.570538518920408,2982.8024878994884,64.01689273642027,151.47726100433587,2.7149247739159206,2.0,1.8733657508546147,1047.7727674361845,20.95555349390371,592.4697292203844,2.6228793345771444,7.0,3.7069263282675426,3005.88516690717,22.53408802380561,373.0962161601099,1.2888997674501594,1.0,3.0108173348783476,2801.1333636832146,1.4995268182810828,80.29402229878862,1.679465238060074,6.0,1.0747359811449622,677.9305231524149,66.43237173254629,101.59345082374121,2.50616662971207,3.0,1.6832849863886672,1401.8076095176245,17.229506800682604,324.97434526093656,1.2817204605580075,1.0,0.8450349420407557,3487.922519914397,71.50087131508336,131.0018382201482,2.170551252528839,4.0,1.4831893721017366,1343.6368796646896,18.357514864551394,445.35113038078515,1.333136994031526,0.0,3.5679458141057796,2058.4699175137494,21.896133048393583,348.12181573533076,4.076761225496621
28,7.0,1.172277663351197,3590.5249424933236,5.112417702969574,367.74319447995595,3.3539998432108202,2.0,1.5875474525249673,687.1910253366509,56.59078851193693,119.51578238874966,1.2642818201698203,7.0,1.6440257853996763,2566.250961504016,2.0042756391914884,71.99685159916747,1.391302308262503,2.0,3.579849103390634,3619.99838546132,62.214846606481764,638.829093862144,3.9688994642079933,5.0,4.252275424563543,1168.9105684269116,4.097780388322725,44.07531454365464,2.5300888434038846,4.0,1.4746524149253841,3633.0807179649955,95.26580375628538,245.94804164214526,3.291647140207306,5.0,0.8075172759321834,3667.120825334674,3.2499333134604846,696.4834628605371,2.7051534291371957,1.0,0.5712271687478432,4325.429758169824,52.05449845257528,631.2797178310728,4.849995777592421,6.0,3.163874401070205,1735.0883517459647,24.43543114501222,85.49007577114368,3.386039239959788,4.0,0.5010158970161104,2902.521236107454,25.075544397800066,358.8719087766737,1.2281369523267434
29,9.0,3.356005685114145,1379.7397498225068,85.13136315656347,403.3921138281088,4.587113244415604,7.0,2.5465301554364386,2457.939035734747,52.366392860855996,509.68305914969835,4.234866371062026,5.0,1.1128708488459857,3386.0130534080536,96.1018009698671,696.4707856038854,1.1463622009814842,9.0,3.799699247233166,4233.519406194147,23.41011589324802,130.55164654032143,2.2672142201098464,0.0,2.385301475943582,4252.301927460276,97.53871793979904,102.58207079582174,0.9336142669383998,6.0,1.4212256364527418,3452.851871176939,21.965353601248317,230.16442833657953,1.8179849553901364,6.0,4.805474177087999,418.4562832031492,3.020266193617427,646.4856285582281,4.019192556821784,4.0,1.3214341971893249,2605.5681647350384,47.89436609687403,173.88187550655545,1.9184148540502342,3.0,2.3340362283623213,485.39837686842526,3.186862821692915,239.0088266532651,0.8936982912183233,5.0,4.803459316047184,2538.2816940762264,30.5321949700881,316.0529885681635,1.4114191507262062
30,4.0,0.9582983839900621,3490.838928357865,58.9778491188146,55.45879449609738,1.1566136395618023,5.0,3.5993681224322156,3122.9232861484884,98.80678189699701,280.70670586257836,2.272705324246039,2.0,4.252491855482158,1231.963991069103,4.162826141419695,207.3398813669165,1.7912888950324908,0.0,0.7219630111300023,1559.1501995897477,74.75221554953069,631.2818227806197,1.2642738291664246,4.0,5.523173388106842,3549.41024238661,28.111093740425186,374.76979140015663,1.8969294667994892,0.0,1.3970939755120164,2700.9078798193536,69.72863127199955,218.2931686598217,0.8569973371521284,5.0,2.520756404375121,1821.8058838087843,75.37167765084914,85.69766675570443,2.9581487237003574,5.0,3.7341368046441796,1737.3059197111993,7.2051934344520285,619.8233160751704,3.0203763215657604,4.0,3.7018421892336457,4291.317037665012,65.5171339164511,522.4794234621766,4.1756308174269785,9.0,2.900533002539813,345.79836899272095,40.524349986557596,622.0681095536033,0.30579126743625085
31,5.0,2.292154091392648,2583.846338718009,93.618242700948,663.9483910900993,2.0652349674602193,3.0,4.06752846779588,4304.047684111854,84.31382067704448,557.4760274565581,1.9142391523898905,8.0,4.0515224468568345,1741.9724591024124,61.13616095122616,545.2549880644758,4.958382771199724,1.0,2.293782342791999,4048.1456410008263,71.19331536502052,527.4734576996899,0.5409321117156035,8.0,1.3165754761641066,3054.6850004251646,38.08555448676672,142.7538266871735,4.148197239982114,2.0,2.7823428014886282,2375.755136685127,72.08480335538788,515.4250670578547,3.312734335582768,8.0,3.7717159708513632,4054.910119527129,91.20700867118485,396.41375793430535,3.1256499674451104,0.0,4.54343717879177,537.1116741698319,7.288217742575165,607.3956828091327,2.1778456730816775,8.0,2.534997277830205,3373.8885923475286,26.356092710531055,559.6850410096047,2.6853774209655175,6.0,5.80182016257465,1999.4048947205426,52.79663076532041,218.09377571368282,3.378445183719396
32,7.0,5.425365605691121,3564.2793306091776,19.454043952433263,603.8392789894451,4.092894629360788,8.0,4.104376564350002,1041.6241397989218,69.9528053995585,159.09960838035823,4.63636030365525,8.0,0.93348495086357,2226.5301175395466,85.18087839589869,241.5010391983419,0.3902282801100663,6.0,5.693468990371603,2043.2765721926273,27.89888397153065,461.04687379986206,0.2428740908538266,9.0,0.7994088390972448,1973.5241552160314,54.14101399970242,526.741946770005,0.9046806992838812,4.0,4.707197283906758,3580.495377406946,11.144332235115417,402.9380013676914,4.271605352263427,7.0,1.6848848758805366,4044.2023335568138,50.19936465928705,543.1943107637462,3.3628474957004193,6.0,5.659552895363009,1201.8686922134798,51.05815310831473,116.37548867490396,2.231207857377287,8.0,5.477727666424772,340.26336722452083,30.105629798624555,493.11195249226273,0.5371606845799001,8.0,4.199155979788696,2333.864267353882,89.87016989070146,625.0712403360233,2.0816422401290566
33,9.0,0.7152471876182381,575.3554101021004,37.71904636231306,649.4396342930345,0.8881395770429469,9.0,5.194194576806074,2604.686808588421,65.16958799891307,666.7050095029672,3.0444499675260763,1.0,1.8991639757168755,1758.9395565003035,96.61266573573513,649.7200969252003,2.5195121344198514,5.0,4.247683658064041,262.999510394039,55.92815512317033,39.77186652996959,4.802707278372167,6.0,2.401413760328558,1160.819514637512,69.3922266956422,501.22209812666284,1.8404284944107818,1.0,2.0280862596019578,1655.4900716156553,29.102618300747896,481.48122731373195,3.691258185111426,3.0,1.6451986190144539,1030.355736448661,31.398331050927062,358.60189809736227,2.6319693268695667,2.0,4.626799875431741,3334.9303909101327,19.75103058800868,355.66571429479467,1.5597478989242535,2.0,0.8092921014735925,2413.9220220490433,30.23980003495045,418.7417260642041,3.51152909080138,5.0,2.35830207588823,3176.6356911428643,62.01106376852119,212.61380467712334,3.720165619448052
34,0.0,5.236130388126464,2097.2593847305943,87.6434871547293,166.72513686404406,1.4037801471135325,1.0,3.9518008327023386,2215.4760481263925,41.955842383297856,645.5428794129011,0.357880746811417,0.0,0.8920945557038086,3189.7805026193278,55.60511040050255,73.66830740557543,0.585057489765089,3.0,1.4056500239649086,366.7878064160295,90.94136876999353,440.62007589045504,2.11806938495617,7.0,3.6635253613599392,541.235022122053,5.736763622694019,395.50593922102854,0.13967813692845196,6.0,1.7908630935189005,4458.597913328465,60.547006268267076,617.3235702238713,3.5101225507964235,1.0,1.2149612253540578,2400.309332857351,19.607640078384314,160.59766013533473,0.3685009882343413,3.0,3.748134129139943,1735.398094967827,69.50098072026672,517.3908421860214,0.8254070712981849,7.0,4.684098185567811,254.25877647144213,36.18788473609151,493.33837747850765,0.8180547644051871,9.0,0.5223312439343479,3422.9791448411324,31.09470946649414,497.76776887804743,4.682483264017998
35,5.0,1.6953587496624523,2984.90567720819,15.011121258426307,697.5936702972004,2.1355199028873697,6.0,2.562720102800105,2691.679804638497,61.75367771285624,647.4252589061794,4.7294446205303915,2.0,0.9545441599015922,2712.300984697223,64.58207676072041,215.4623282865759,3.428809413214256,0.0,4.436298379347313,3363.0204000302147,50.31304627371943,322.52334209804224,2.7753854575731953,4.0,2.3645483386900987,4452.605655837996,46.375989772729554,92.56811949595624,3.9467428139718423,2.0,0.6818907877938496,993.3615401901235,78.36803273678943,428.3166685806118,2.6922732826077134,6.0,2.980269863259864,4008.958582318472,19.080092487836918,91.47314483061844,0.4500388929399812,1.0,5.485114703899847,644.2843974962201,73.58028020029442,316.18210942458666,1.367638544010398,0.0,0.5305176149093932,1361.4690093178485,63.34866306841755,44.60236659938096,4.177819739112095,0.0,3.0290713209258455,4105.11438045085,78.99241756086282,179.83012191603189,4.2161198868365934
36,1.0,4.21991893636085,3296.048754791483,50.55836877533064,348.49418934815236,1.6134386189807601,1.0,3.6147313289562644,3764.107361134583,90.50047787894138,577.6109545667395,2.682990394149251,8.0,1.6883504341504372,1117.3873167974473,67.52453375187204,526.2267881887037,0.977585629605636,1.0,4.456552830416494,261.6296934668733,35.29332908180448,48.89529323102335,2.351904407119543,0.0,0.7435863977471966,3446.4741444895067,93.6334555812287,167.4838071820829,0.20680128742213263,7.0,5.711082970133768,3487.9372520232405,47.44410212316226,310.23276370644237,0.10802171165720725,5.0,4.174513864493056,1996.9191188168231,66.11306266858558,216.80463051346175,4.119995783579062,6.0,3.4648031464650595,3733.5240156975715,66.58781443126655,25.65398702054249,1.1652662826993785,9.0,1.7918647855385361,384.8354646523278,38.4254515768439,470.0741676112588,2.404139287872323,6.0,0.9569448956771602,1110.251383026066,41.04683956011881,687.6786808266875,1.7367231392104507
37,0.0,1.2943893592399633,1426.4315683017721,54.1108138569174,674.2981503672421,1.7220527149966807,0.0,0.6306496615480178,2427.161382671731,10.564789303306943,221.2117917902314,4.0062220604550385,0.0,3.5381443056460133,2456.8271859265446,39.090942195816226,348.0723182675705,3.2565546734900837,7.0,2.147416290476014,749.1910752097808,6.378547614024321,211.48954073994486,3.8827844644203555,0.0,3.8568910162288352,3630.4121310905407,18.247647685689184,40.05055193910879,2.0148794045428833,6.0,0.883862050212191,1605.1601876214597,22.02718308366608,695.4725531970507,1.7604211950128108,6.0,3.4944882867432288,3276.5562953995327,24.17920541123044,217.61443050590344,4.125228163689481,2.0,5.9709104550952965,4232.646894506894,57.74826005822121,173.44728269599827,0.9462894619186747,3.0,4.675598150741614,1570.6133221743896,67.65295462334664,181.05091922537244,0.6983739001601278,4.0,5.185128997892751,2868.2896961365464,84.1470896853386,552.809673748821,4.247888985099983
38,0.0,3.441100692182942,3890.706236823863,59.04751374164978,684.4218013850871,4.548568258976449,8.0,1.6829765496627824,3606.610146026454,54.47694071550128,403.9623909653443,1.9927485128383418,1.0,3.0591274722586164,1530.5065391023766,49.78381484971395,601.8145412009077,1.5274327487353856,9.0,4.452006057837133,2628.706568852681,20.7653898512404,603.7503519096904,1.0503383297483881,4.0,5.550907656473337,1743.4256714401126,48.98937447580237,71.24550753165333,1.129763740498492,2.0,1.495172933397149,1358.58024950285,19.620911185562704,492.9956107928975,1.163516678227439,3.0,2.4182155884560252,4099.979591195659,96.55347908901021,170.36007311365216,4.8073896642565,6.0,4.287517638233668,363.82603680200293,74.31086089681563,80.89041179359586,1.7914665461587316,8.0,3.3953692173678918,4411.533137148885,45.19370657704553,47.99446446908342,2.888314367429002,8.0,4.615027252823951,1077.7042517508469,64.29337525746782,491.1230806147985,2.8534780113329705
39,8.0,2.733540012428149,4230.956866510374,26.207854749053705,635.4181122236778,1.9280539799628829,2.0,1.137720498839411,2109.5174955898165,20.70130480216754,533.7747537182134,4.821069002445934,2.0,3.5267113740633538,4096.323567787088,71.98576595351744,699.2716015073696,4.314832961394275,5.0,2.753183951146117,4294.876273091975,1.0959174191367271,373.09784877254526,3.521122598359035,1.0,2.485365350593269,3034.9987719427145,0.25701858569339153,292.66046084710445,1.4244298817837087,9.0,1.0861305725461676,320.70049055880855,9.013641951375472,553.6144639476757,2.569573717865739,0.0,4.141085389138096,1133.6461485252532,90.72863012851317,549.8372006616663,3.414067633665299,8.0,3.8738733982334193,3583.492629533099,18.39296439784298,484.5545070016363,3.560582052638526,7.0,5.570254306737633,2783.4193036111405,25.18956007180002,667.0290243470511,0.8732541471162486,7.0,5.991618060357616,1968.829612977025,12.249346609812283,103.20902338680659,0.785406060422336
40,4.0,1.6234410264442856,1273.6921839413505,69.18790885320848,130.8775114537912,3.2619001950021986,3.0,1.508077869829323,4311.42106396235,28.596740448627333,286.85109946058367,0.8456350673172025,0.0,4.399392843837875,1715.81599360595,26.82994864530679,303.55571944148465,2.5823337342380777,8.0,1.4388761406144108,3496.2618599253083,58.52086768234819,489.5239656133237,0.32274500258293237,9.0,0.5688116120206997,3218.284595169641,90.97562212921571,640.8504608498441,2.9253665198796415,3.0,2.11197439719838,4208.894123143777,7.6671866799656545,128.10657525424122,2.760040758082279,2.0,3.84990863444223,1453.61410183882,18.618210280035562,350.07366014951936,3.3109509469798035,3.0,5.7101972484547305,612.4292226292439,24.70027700414369,463.07830829117313,3.233337629851229,9.0,1.77033948276453,4490.379131702152,75.61154204488811,634.1748959718143,1.2749702934318237,3.0,0.7190772030651924,2444.3372855017924,59.602028816529995,309.4714144757257,4.915698613721641
41,2.0,2.52551704245013,766.3512813892306,73.94236365842582,348.69032638540966,1.3628580764686553,9.0,4.277476052295093,2954.534564797947,53.19355516848239,299.08439880418695,4.647110551846674,8.0,3.0912994519317825,3547.8784124631625,31.498022861332863,588.3366191884307,0.5628631354319382,9.0,5.320145915149593,818.7639064692171,61.96334263527413,481.6018606335002,1.0886322833495516,4.0,0.5194921283380823,1270.5905453107366,31.59908312246521,15.767733450495724,3.1699888428524234,5.0,4.6976637057740955,1893.7596080960716,58.75529644435813,23.076314781414055,0.5934475405200152,4.0,2.746069571152704,3606.6110018316604,89.34928813512639,604.7328101247371,1.6385736125923291,5.0,3.5807195422313884,3530.260387386643,68.46371038158776,275.91366969673567,2.6713721347375015,9.0,3.1839228499913137,3764.5225809070275,72.53710186762146,182.04268220573334,4.941004530456143,2.0,4.6266060914350025,3634.6388889012037,23.1130101768144,314.49972627167926,3.0783168141177204
42,5.0,5.875131256562917,3350.391399341426,74.40169982338574,224.72218045042877,2.841427523681854,1.0,1.7412043736696472,2369.9750788029282,56.44788422371722,226.0425273280962,2.1553415021333575,0.0,0.9436230714169918,2782.764524227193,32.600007962041985,49.87385107340151,2.3576277833967114,6.0,3.657376724334675,1043.8276753832668,43.49977075743482,294.45253541114124,0.34485739126223103,2.0,0.5113869651023661,1551.2649664227285,81.20979174859765,292.2618726106151,2.817817940967593,0.0,1.5675606595604623,2084.2299170623464,63.55237017583948,676.2220441621545,4.494746226651779,1.0,3.30438697204247,224.43812124957404,46.58296984662521,385.57742781869246,1.9155552818855883,1.0,4.142691243280504,2515.1342024742844,86.53297439434556,117.74636274369512,0.406501632912864,4.0,3.2655337981535486,3625.84382159486,0.4572230968451496,522.1986945891001,2.5952936778810862,2.0,0.8442713219095379,2163.9934214872383,31.09857888285553,609.4543738322569,4.349921920636517
43,6.0,4.660737382922098,3459.3477416767823,49.43344878638748,487.1026127205899,1.7841005795217313,9.0,1.0133166824550213,3406.289328141027,36.40852759657891,465.0144192052336,4.846496369543007,6.0,2.7097740614431487,3584.574454456546,43.281168991556264,428.45343202802263,1.7364207969151793,8.0,5.3164194060410965,1973.0031468345908,91.24932935851535,123.26348130487361,3.5317103785683446,7.0,0.7790677386107134,1232.9360200936508,75.60927563781844,572.5264952649402,3.1501411923202305,2.0,1.7280156376267313,1394.324134330149,63.90900444045956,82.46519953535483,1.9989409325136756,7.0,1.7722239630209446,3497.793416437142,49.74067075690074,54.000526149808636,0.4770113172580953,3.0,5.481243111244941,2994.9022708862844,1.82140368784246,416.8422567224133,4.396037383465913,3.0,3.697211294519843,4494.30061158889,70.88888408065029,409.8257501603447,4.107806429304596,0.0,5.901738937324921,2260.794957925823,16.102844369528135,671.1549094500682,1.9072005118551159
44,0.0,1.1275762039361807,679.7658174910727,14.437168694483871,199.42032175393854,0.2331105527896385,7.0,5.219173646097437,936.9813912857883,69.3831190859892,288.80876034124475,0.10656292591074738,8.0,5.3505460848165125,4282.041475735348,60.87570189618815,643.1673254516439,3.296161586392559,8.0,4.84894575455399,1736.0592119387493,39.22062871095676,531.0040401962165,2.8303988230325268,6.0,2.0070743549077994,3840.271050577245,99.42121377257462,104.81495486609172,0.5971243210164121,0.0,1.4472278717826654,2797.320534394604,35.548955291988996,429.8281031377784,2.7610512713680335,2.0,4.941394956021993,485.54150130010487,38.429800013844286,304.0883328204464,4.05238711951719,0.0,0.556030702636324,2977.5777492938437,34.53424545400833,671.9962659813439,3.597059179640893,9.0,3.3923577060533483,1895.1220803062836,38.15498437122874,292.7825583147736,0.18784743469328052,3.0,1.87798556106645,1782.1474023491294,68.53864303291284,580.0983666017823,0.23320325609573725
45,9.0,3.936464560902637,1911.7437469161061,59.70588243566802,30.038448236274363,0.7055736322628343,1.0,4.806751884979203,2533.8900245885884,45.39069822536661,302.4277973789927,4.275904973798603,7.0,5.392702823670419,4124.328715692962,19.91492821578452,653.2063234450667,4.795681416856978,9.0,2.9658380514438756,1331.2613001441066,79.13235239847964,434.0215870451361,4.163653417983008,0.0,5.252062159602055,3677.338861637282,44.008095128968506,463.8080397467414,1.2528189734160329,9.0,1.435015271973334,2793.4936097980985,10.311896080875849,274.9475144683364,4.0609159105766635,2.0,1.5059762544261897,956.8850560949783,29.503824634894315,85.75660825981983,3.8840198370684345,7.0,3.536310715080763,3923.761219051933,5.992140600193274,356.30489187190506,0.17683160709622414,7.0,4.875099980852971,1241.9685821278229,71.54866720537137,152.5545647916327,0.9476230697623663,6.0,2.6744746545760045,4338.514420713845,32.95065808542892,75.87209488552136,0.8705717035427525
46,7.0,1.7547210513759186,2118.475095977049,11.673356338092834,613.0286343046947,1.808596776656292,1.0,1.4286715331854707,2682.863094112673,28.642218980408895,543.6047353784033,4.3976940739728745,1.0,3.222786832287981,4203.484156373293,94.20245826115486,582.0838278644256,4.9677270037053445,3.0,2.261070649116576,4063.971144836795,50.813821154497774,318.0004376762689,0.2520840535362538,0.0,2.0647889312081165,3630.314266230665,62.690259032264336,597.4142301842471,1.5803156162586594,8.0,1.1640377474784516,1017.8745275868679,48.010236211092064,681.0104624035438,3.2114965045001154,2.0,3.0167109211032828,595.1495752541703,66.76566588855411,30.818603000766267,3.486932283393082,9.0,1.1860642725686805,4025.5680016568767,93.85436013188252,413.69949713112453,4.120024262910348,3.0,2.9738322864621742,2945.895139234023,5.1240777441488135,663.8848242094923,4.763247729071326,0.0,0.9666648249553684,4430.757872706325,49.07391031840802,485.8867700349381,4.956582626810724
47,6.0,4.89438521637946,3338.492785108687,38.667299916374944,397.7565356445045,4.257807706481616,3.0,5.57178192920447,2999.66269881748,56.41780254558181,404.5345110264142,0.387437480580912,3.0,0.78679447906261,1674.6249810348802,68.06171880504372,697.9151944121555,1.8606370542250836,6.0,1.382539184719445,2072.2171539454266,49.46616058470378,455.53104792490734,2.1737751227589137,4.0,3.2017331990078612,2138.5480945326635,41.128129778475994,8.523647933657264,4.904236031413873,5.0,0.8812789717318666,4263.619911697355,85.92729097503876,561.9451814921567,2.6942835938693634,0.0,0.7917937986331738,2946.9107783135105,47.10919553913335,91.4587385844713,1.1541556716187502,6.0,2.322926173713006,545.3928318009876,74.32458897258667,464.61304307799935,2.785613125841626,6.0,3.892682233162794,3028.5047263407596,64.58369320487256,530.6480803990322,2.8754786955087526,1.0,5.818765499162184,231.5110234670048,83.59114657400542,541.6522106856651,2.7966083430011595
48,3.0,2.1486744815638694,836.5947072603665,2.9972345629786235,205.3074465599821,1.4015757124434869,7.0,0.5707460967316718,2286.38436289662,78.97249891077149,458.1691379168864,1.8518420132562943,6.0,5.047585284293762,3191.4287251654314,98.88318611995078,539.7754004953201,0.23997092204863674,5.0,2.988561976546965,3765.490286953623,12.1663498630755,471.05952519062356,0.8525752869499978,2.0,3.749297550953988,4497.5859882119385,97.61084092687986,244.7302677393003,0.2844399280229011,3.0,1.4984043284338187,441.5309567621132,47.86717470294679,222.91686457239035,3.0510396387422656,6.0,3.411575611330181,3940.7467976294447,31.96416243889092,209.26676009926845,4.800697733756676,0.0,3.563390145455369,3675.64514002795,4.314228844353629,437.0049445652635,2.3008936884584754,0.0,5.703947281065343,2596.125780501459,64.53047222658816,161.21941127822907,3.815805021816858,3.0,3.0428348601910398,1047.532295098379,22.46496171501183,431.5883149010343,2.070826800790726
49,2.0,2.9844016718713693,1124.5463909089708,13.058916679956257,418.50165333497773,2.0732597178516503,7.0,3.3097752175909063,3432.9684571510716,76.25935721599488,545.2678321794735,1.1324379140917036,2.0,3.0953764987249643,3080.1394414693527,49.72061233924444,162.96267306498436,4.741579980962144,9.0,4.2710914953957655,3851.5759481193295,74.44784854272046,261.0070706730455,1.6428206617254766,2.0,3.758905383756182,3355.2913857568583,74.65197490183067,679.8157946616848,2.8494638187645154,0.0,4.075677057592385,3582.9202937401724,77.54408396984158,693.972537774775,0.9648366324513368,9.0,0.9625850036739416,1176.2871184662122,5.4876776473667395,580.1143443741158,4.968578409537638,8.0,4.786638258716048,784.4457220192676,29.246531087420337,431.58853118594556,3.9615121255651715,8.0,1.8071027447296397,3183.271031892953,3.338925400482151,197.86501028520362,0.8275178705408337,4.0,2.6102123988639843,2863.345168584592,55.35920505789459,534.2656392642994,0.28064443928432525
50,6.0,4.337794211322392,2329.952394505178,11.942486818771425,532.2190445228322,3.3898505986535485,7.0,5.824971451768755,2789.5827901962225,98.16353842189869,624.4123238572486,0.4113350443078948,7.0,2.578612277195978,3847.4374973645718,10.153257336760946,464.81113788534225,3.4996282931210843,9.0,4.517680997129215,4076.471938238416,92.56907864413435,154.62344803085568,0.5635037680397411,8.0,1.522191746187863,1833.9740181421741,71.07065131307651,455.474396646648,3.13229387781484,7.0,4.618370799303646,3145.338428247509,77.33133362112768,39.48247046223236,0.8915452854687417,9.0,2.616270663865827,1578.2057107541268,14.75505595134312,563.6767837272006,2.821413037377206,8.0,2.4046965600221704,3473.2921082056287,84.65634170078897,687.8611217540063,2.1022893631456108,8.0,1.697310198965777,2189.432885980433,10.017857080460935,255.05597473309425,4.6795529201088035,4.0,3.7816232812979367,3155.201980564165,21.73881628470351,379.70480964472733,4.125786436351476
51,2.0,2.25796382560935,3516.270273132596,31.24102081739761,163.96055194063044,1.1395712746160735,6.0,3.116168888134301,3640.8802236609445,57.073629499334785,292.38375503225114,3.7097713067374607,3.0,1.7983301032526826,1766.9285891629063,96.52461097438373,246.00683365195823,0.42886562424725383,8.0,3.8311131319463727,4487.608142349794,68.03074211233367,525.6866108043906,2.8008234086665964,1.0,5.337118972127638,3738.135789185044,59.06226688089878,353.1177654530934,2.4969535105238876,3.0,2.032486900209695,2144.355229453464,30.56654584800559,308.45756326814325,0.3890375999839315,9.0,5.136654256843069,3982.07749758692,24.351262848749844,18.70469555761546,1.1838575620466438,4.0,1.2520361726564133,3571.7238961319767,58.832791517382034,528.295663218118,3.0863105276726968,2.0,3.378588383316222,3447.2773912066446,55.68654053968085,0.9858004674717868,1.3702867739968452,7.0,3.712138402238904,3462.341667876305,50.12701943556935,515.7625235197302,4.786515559274083
52,7.0,2.1704909390995852,1006.5300777613719,30.022307268053495,436.61617752526644,1.0315895056016648,8.0,5.9918535196577105,2589.126109301637,22.73316443909791,72.35321064888541,1.7959575872067983,4.0,1.0124794779154311,1483.2691943156874,76.80814540211061,692.0272743836209,1.4562975646852878,8.0,2.9929873303812826,3013.1165089405918,27.947870631557493,597.0892209789481,3.556887253093072,1.0,5.21130777141252,1029.3201689046164,95.56240373753195,445.8306762644248,4.663508477756136,9.0,1.6528912736677919,796.0797806402554,15.292544457110147,432.25432378728334,2.0853716871100625,8.0,3.574398237173098,343.12413628823185,71.3260941495019,441.12565711485973,3.685289316343924,4.0,2.594638300985708,1072.3468782141094,19.82068683548147,648.6897013035035,1.2268930955968453,8.0,3.3892896371308403,769.0403226267445,56.55571231819414,114.21931595756581,1.7952442435726232,0.0,1.523822963276121,2598.344903330888,71.21605438610776,564.197823194116,4.859410796764733
53,7.0,0.8439563213534846,2611.3741412858226,82.98738979170035,450.1827162804519,2.9699188940172876,7.0,0.5600966357892188,3772.282305280685,77.55056980091639,486.18835005688453,2.57756954719852,5.0,3.0964713473704593,791.8865363362441,58.04620834145633,221.55142528143494,0.6067827995083179,8.0,1.8732903221067827,936.3137474921289,37.403083198708565,52.983655266880646,2.5935363191727707,0.0,3.1341173522525496,2231.594593024965,56.54496468231609,313.4255856170619,1.9934086964797886,3.0,4.664104165732307,3366.734312966,74.50778227522211,623.1729691236088,1.8489466479254613,1.0,5.117759098784015,741.9578020357851,84.85838506775261,353.0875346942926,2.3973025868478386,8.0,3.980130963315356,260.6480688327814,60.05070711652878,39.85372133465721,0.5268060597827636,6.0,4.714910383524212,430.1680892448097,50.176620314058454,376.5369698089086,4.441541229217384,1.0,4.635046416834273,2564.424271041035,82.73563327695041,567.8532453181567,4.567136888405568
54,7.0,4.406287198276662,4304.991073338197,80.91730154782879,530.9982461313734,3.27438429143376,3.0,1.710428288419813,2271.851105148519,8.161532730657795,31.339046502173527,2.5853113245720576,6.0,3.263615453925768,1275.357202793823,91.05480777719842,282.08096019611395,1.1641840635325857,7.0,4.032787191889513,2317.1286371452925,39.487529081399906,558.9787552512131,4.5471798727590285,3.0,1.4915781928594887,1403.3847466134052,46.61787627301279,83.71502267896206,4.912258223830398,7.0,5.42088729813236,3076.264558849454,47.33050136578637,78.21915268247369,0.5622880835067141,3.0,1.3155047006463356,1989.0563498714514,97.04487467651444,609.4965321429692,1.5726995611357224,5.0,1.1238657127120464,3959.397422147975,2.2692369596527984,72.37400584229373,1.9843903257502473,4.0,3.761112733179573,953.575519391649,69.36820411464109,654.5573487907884,0.2814195417585047,6.0,5.964257391178341,3069.257883703454,39.7985894456199,129.77871715704515,1.380201926826987
55,6.0,1.2633720345250579,3473.0242705300648,95.84441141738007,157.52481955346224,1.376144780497529,0.0,3.6349904478182085,3595.6137983301837,76.16837315674513,665.7241243170437,3.7805089829516865,7.0,2.5103405937099503,1714.5444719604704,71.69921019174022,519.1207380451873,1.5342875367426696,5.0,0.8250529170319747,2253.5289711754044,73.46918264840755,59.2695371772882,4.291412182485353,1.0,2.0141564241835734,4420.3511843247825,86.64518022664473,605.3895895860161,3.3241178460275855,8.0,4.691121818251117,1621.4968722949397,19.06320077475332,219.07886353725877,0.3361379434420406,0.0,3.7618318840183886,1853.0508363512117,93.09970378755351,424.70819521400375,1.0867581489534317,9.0,4.349526410054321,2563.269689527423,29.51065777371944,202.56116476986665,4.722384194631417,2.0,1.9525682096587864,2789.559458217003,55.58968371447012,699.0360111356753,0.36621188596874865,5.0,2.3888770886787,3596.832242859347,99.38979264094846,547.9702563758846,1.8472848765211085
56,5.0,3.1069423264489924,2939.8609498431742,52.345891851774816,402.48808341019526,0.5476645571581709,0.0,2.2470349947216715,4452.267960920233,22.583122850849545,326.6819408348035,1.4626808910303806,4.0,5.875635907225587,3201.747469462047,72.23150585181286,339.6920341565753,4.815614537024652,8.0,0.8538537353352036,3784.9708184197216,0.2825570268136457,627.9902022591366,2.343300241732809,7.0,5.934613781490615,1355.3364479363343,50.68513822608932,275.0834986493287,1.8076599230335593,8.0,1.7302903694417635,2318.931764814248,21.018106633365264,212.02743798274503,0.45565675618587087,7.0,3.89577365789581,3492.373882958851,50.28500356552825,172.95360744016415,0.36112298704162904,5.0,1.466167792416358,2037.971818011124,69.07865604467274,643.6663146998485,1.1493532413556542,5.0,2.3014822427740835,3897.4403575769447,7.317732127693121,28.999406614610844,2.440716258905375,3.0,1.0678992294629746,881.6287212900731,59.44000644055758,532.6845962306616,1.7352152822362623
57,6.0,3.650486448116413,2471.176359996046,56.068273914796706,510.8798750423293,1.9397567061238492,1.0,5.212591573541341,2273.6471415013666,44.8530252866271,331.7588473189068,3.9824552001494298,3.0,5.02792677551033,3826.7190638006173,65.10636464905211,556.5552012392664,0.5215504517915034,2.0,0.9225065018239007,1188.762726303201,8.493661903717664,171.4814617802081,3.9685806289360688,2.0,2.368781220950777,1356.761330674134,98.97078869218228,565.5297602039171,2.924528143657815,6.0,3.7279081315588125,3306.202828769718,3.074999579298332,467.50498933917015,1.9369717007390794,1.0,2.650601929835271,577.7090834745377,60.88677585163415,158.54944100474995,1.6669837124092812,8.0,1.4993466591858307,1114.0920847776938,26.199638810137273,647.7230369160088,4.230584712584614,6.0,2.6547845546439977,4202.96351169154,21.62582048639856,257.74466309630145,2.783170676606778,9.0,3.2918235780802476,217.2838488454517,0.87087708897301,379.59283667320193,2.250745992036626
58,1.0,5.022393470291052,2750.7382519883245,12.80869513345273,600.6344971564972,4.7086051528901,6.0,2.803718194288894,385.645067436762,36.106752065097915,15.702655879869798,4.349287110409297,6.0,3.7176185778577966,894.3371310306301,36.5818206096508,412.14758368915693,2.150009559815203,8.0,5.429110599449584,3651.572276899116,77.19015713318251,578.8718517829158,1.1242638245202559,4.0,1.9014962163857518,849.7058418049812,68.15036022956099,529.8949002127167,2.55629218528655,2.0,3.128909979188616,621.1747942558075,23.812277991255094,75.55156567460263,3.3265893826476174,3.0,5.544433590309543,445.20110336025226,25.851816635520642,48.44590666076878,0.15765223226798017,5.0,1.4133915615130395,2063.684468513652,71.29933044550042,234.77389860826062,1.8214666549153165,0.0,1.8954926696809242,631.3824383284358,79.25809875853045,227.55851853545096,4.008038002749265,8.0,4.177449382593331,1169.1621690642078,18.724680190068955,232.50641946840048,0.3708219269857811
59,0.0,2.680289613599469,634.8560993235624,92.07757488822462,697.4886543018922,1.8309415290534607,7.0,3.22075426044482,2462.113068796846,5.989884574478365,97.90488501612037,0.23957518520999857,5.0,4.52449404803083,1168.0570714373773,61.50962145187439,480.6120239303117,4.6298670709615735,6.0,4.723264291703115,2184.5440330712863,77.6870021539056,508.4084899243459,1.2257611096175232,0.0,1.7537995788159109,668.7797651280325,75.89446098042916,413.62920646566124,3.5567311902465075,4.0,5.39008312238893,2366.894032071494,36.36727657399437,387.03362375280403,1.7954932334103215,0.0,4.494776882474849,2611.4277203940296,38.25934897370955,113.45069463838828,1.9042789008637213,1.0,2.0959561071643202,3762.76394037207,4.486928487110509,288.35312177512395,2.0015720722112453,4.0,2.766885004146123,4326.1016108963595,94.22069845029061,521.8460689987985,0.2181122863810771,9.0,1.7556109722102167,2642.0489201316745,96.59792547600755,476.92802457572265,1.225617627286988
60,8.0,3.642650192781232,2835.049813086947,85.1766012287967,2.63122358256187,0.3601035413106175,7.0,4.732295496680296,1157.9641965017877,61.893063848927554,139.49779492812158,4.012902458260902,7.0,5.790773865363618,3268.4337466213155,28.30781555186731,156.55632682142792,4.3372889103692875,8.0,5.765535283198576,3267.832271873466,3.8692762662049907,32.48055396094489,4.041688685445319,2.0,4.959492963642302,3633.608829993923,6.910658428380301,26.525071882945582,4.842019521972875,8.0,1.9293376044971908,2413.6899460356176,96.18328943712456,307.7694592982233,2.64355051554746,2.0,5.666283174476599,305.03912964630666,13.959983510009376,320.23467068749835,0.17940177640954125,8.0,2.8882692707490314,1156.23865567453,3.436759798241451,569.5480175521737,4.067418318882421,1.0,3.1262384380461534,1035.332543176933,20.457154893155916,62.78975072801457,2.699088723888447,5.0,4.643014541182611,3596.9545682374287,4.78746435325511,197.61203974682695,3.3578568582705404
61,4.0,1.3266863270730949,4054.224396527414,20.692638677910047,437.3823090182389,3.5919574090065547,3.0,2.4680018060300153,784.5975994166166,62.078064275875924,637.0818375453152,0.9347069177878372,8.0,0.9040158120716528,630.5976326386149,92.34996121396324,137.58463154867806,4.348859261909741,5.0,5.582911353991257,619.7460440983075,52.3907107877828,39.080619750945324,1.362958997279166,5.0,1.4797097681265412,3006.742023502979,34.591046370925994,465.305026629738,0.8495556816359439,3.0,2.8508920991592532,3209.9292373186017,72.55941287563333,15.194701272116795,3.6790373036948654,4.0,1.5460639890714232,4444.963768524588,56.09067341775626,651.6976436946983,0.426113803895356,9.0,4.0763335572226005,1076.645096888539,55.950715113593105,29.34367887313418,2.5783480403686077,0.0,4.78969233995665,1425.899919387392,1.4068099631542874,164.1608893874476,3.425198474178719,3.0,3.8181545400348855,853.9275573877575,18.617947538814928,178.7768887814687,2.993436653192021
62,4.0,5.918473514394831,3282.3837784392854,52.24396626305708,642.4632036600805,1.663108184150463,7.0,5.2292256249364,2486.0175373285215,32.672372176172495,406.46337019102384,3.988451432202498,8.0,1.9747537919543834,3676.5578439582223,96.06103721160486,319.51163615461263,1.7325458232280468,1.0,4.8301272512835665,515.688945997667,47.16700730356864,686.2653814689241,3.951287241218344,4.0,1.9707459015236681,2115.620595726681,21.575063321711685,660.8283932851906,2.1370707711568,8.0,3.9879293446879904,2301.5606049158287,45.71418386897091,585.8998092387421,4.274248527949999,3.0,3.416146247833289,3100.9092012035458,68.02600697948151,134.00545965090294,3.4747141727808826,1.0,1.6935388545966437,1511.3929736685127,8.183302758995803,553.9099055150583,2.836667121788111,6.0,2.1404860226585694,1826.898224923765,15.277177249006657,438.53807716036295,2.2748219780566448,2.0,1.5231210365960568,984.0722459418848,13.229538920419891,579.5063304110778,2.554652490877589
63,1.0,4.921439739254823,3247.157806098966,18.75013534697587,658.7240710471345,4.780942482437215,5.0,4.185497266357696,4425.235975105171,84.12504732604559,688.1221457304661,0.7007737064568195,1.0,0.90982191071314,2295.251928478055,45.04098524690468,532.1334602174203,3.7266244277971476,3.0,0.5205298368543946,2220.6460888019665,25.711726199303044,203.48758232442708,0.31734826521794857,2.0,5.144250441112591,1102.9337332727498,30.95908992432316,340.37066705445267,1.1424510942447181,7.0,5.441258240900753,3773.2744126077673,96.71143011704469,38.59496550365209,2.0614089609599184,4.0,4.998598422477703,1668.3601211310609,78.30582596571432,117.87290815707988,4.579726852039541,9.0,2.152145478956983,3263.7467471943014,8.504291347477267,202.90461203208818,3.811726768264537,4.0,4.606877393234238,3238.1841670381536,53.64199356489433,369.94457056325086,1.660532042923039,5.0,4.970258583676909,1672.9090691367264,3.2650807100088386,242.09676183431986,1.4285391733455428
64,1.0,3.391531575148244,3992.3137411248285,75.46797923559053,548.7724146180861,3.4234391354503133,1.0,1.1948648860717588,2742.2591442414146,99.6985281876397,403.1975806815743,2.4613802378657703,3.0,2.701525941987792,2263.569859205565,73.37546815051307,559.3403005639137,4.500176884090002,3.0,2.605834683997891,2626.274467690131,11.081156446044227,389.917306231508,4.781443375038239,7.0,4.89773423102974,1374.9597618762016,2.592581238693281,126.99873539231048,1.7791988891537398,2.0,1.7491647914305444,940.6083388697607,88.5370451692559,688.177547445361,2.989487229225108,8.0,2.2311626286801283,3863.167953412975,98.27317235544147,389.80861574690033,3.0877116715515402,0.0,3.707397471690699,785.9496552234232,0.4261205185537187,447.4439481511128,0.6120281171205783,5.0,4.963856040034932,3907.385848709353,61.99024483778226,458.8990592491288,3.1446828318686593,4.0,5.9781546541553885,3526.961572725755,1.9602917089661331,199.92401539557284,1.0088119240326483
65,5.0,3.9142708015108956,4385.330819537399,30.0343710740539,623.3478184515262,0.9906586459799716,0.0,5.601801787238392,3858.973875731014,6.623033686513102,62.22349868124183,4.292499451512005,4.0,2.102679128710389,669.7001590357788,72.17093465882624,407.3396231770461,4.231871366851638,9.0,3.5987482581936487,1125.2987469104455,28.65616176049478,696.8894285773334,1.9165218339550742,9.0,3.9091467883087456,1032.335391709659,72.8902764192849,301.4692580476198,0.13075480017025187,7.0,3.8666551586541926,3656.3992020944324,22.799710651332905,220.2665062959562,4.9086505149662285,7.0,5.739488317597009,2819.7857665317356,93.67389968500781,98.84202936953312,1.4793241421113317,3.0,4.125899685237707,934.6565116288414,22.99488239074764,289.50540688817983,1.2348756026220933,1.0,2.624993845177496,2130.9171551085,6.271371942882853,32.96462668991356,3.814636133979008,3.0,3.95023498160889,3446.520351904444,68.14866651925307,35.211009619514876,3.573398880352303
66,6.0,0.7945276506195815,4043.999339361171,20.556858146759428,150.6828816464026,2.2640571670614205,0.0,5.272789948638353,505.66920598548313,5.1522023955550384,559.6185169069347,3.0125076423625683,5.0,5.633679700586992,2003.2949437206241,98.45056349554153,401.59565886388236,1.0023974770075024,9.0,4.166148622881347,2723.4246002430837,91.95264047494088,661.7868572742301,4.144311323486996,6.0,5.136873547377127,2603.9357118136045,27.16590143423613,592.9731440042508,2.2708633252551187,4.0,4.164972244980664,1158.6575938450565,15.720875950004986,512.4021575182265,2.8014616969815247,2.0,2.4180437398840784,3720.2485112243967,99.73757890499864,291.73898205969846,3.2591783861104373,6.0,4.198095440148585,501.72011302946777,52.64786532886514,124.34418248275975,1.9885859366103211,6.0,5.8342805205923165,2552.6593961551657,24.808610513340067,61.52308356068909,1.721133390210393,3.0,2.328165536689949,1013.4164539472829,69.53156125270256,484.2482569698089,1.32235617825683
67,4.0,1.9945683072635685,1272.7765243662489,33.40975481332883,114.26899916066274,2.1514916569373845,8.0,2.2362691738524525,3997.1194924391716,71.08998268984502,46.46567281598705,1.6406447846289631,2.0,0.7875813644180316,2813.9989935132107,84.53242432180798,93.32646088083327,0.619995082080583,7.0,5.027675558349203,340.90673387494394,94.04419307931792,24.9147965828977,3.575924627271658,5.0,2.085436479077033,732.795363642282,40.998956128093035,595.5248320917284,0.43620821734135207,3.0,5.62528173547013,510.7673906064997,31.024307006303374,545.2038919627664,1.5700040467988923,6.0,4.218266515367445,4227.99301069192,83.30225191743249,360.4299515609269,3.1181774451693234,1.0,4.776248892994792,673.2574867389181,95.24336835274843,233.72343849908088,3.313331103093823,8.0,5.47920665187967,2245.970354792462,96.83274424270792,342.21871890653483,0.4831253378244438,3.0,4.2907235655928595,1843.3287918996377,79.15922278111506,514.9953242113362,0.4981956176154879
68,9.0,2.6766274276464084,215.91016440231257,83.66494979064511,319.42965009045304,3.203881916190748,4.0,0.8006990181320695,779.107296111593,18.903034365142023,114.96455284041886,3.071022928403166,3.0,3.214467235455042,2759.8564381188194,2.2400882643259457,2.4513217903384787,2.3748242790617065,9.0,3.234941675134981,2073.573446387215,81.824253771703,433.9943581117554,2.5009672716620326,7.0,4.564171786951815,1698.6139066606725,2.075796531509444,515.0269624800675,3.129778485004178,9.0,1.6141637202906733,3592.732068647879,55.42701376137622,691.7838949657054,4.957922654912748,9.0,4.739282384494307,1363.8601033792677,71.22492359117189,535.7889006425103,1.9664938245231813,5.0,1.2098841363908188,4009.5525654765993,76.73957817307657,281.0293310233109,3.696669646963752,5.0,0.7770839064110816,1524.367474989066,98.55560516528328,391.9121030225188,4.053612955349704,1.0,0.5472549536657991,476.44671582799134,7.655481202803028,95.4641061619142,1.4563139127619529
69,1.0,5.719925810165187,3222.353709217279,50.95336555854787,326.40209399012787,2.332341495878906,3.0,4.527041792311457,3776.7255043096684,34.06582087924372,580.0300430765038,4.522859237592442,1.0,0.7718130852325151,847.782416465657,87.86111143924255,115.01345662954617,4.184354400598376,2.0,2.476501289982088,2484.380916505863,29.158215811982046,654.8795662107556,4.977015746711888,5.0,0.9501973776283806,3234.7367031368362,53.26087233838156,51.01348031484767,4.572739514558198,3.0,2.3702312995024615,3910.490936823742,33.09610271124117,449.64031580494526,3.9555378728860826,4.0,0.6016106405481308,2754.3531725434495,45.273982186058745,0.042687260200291455,4.658708813471149,8.0,3.256696727938596,1275.2420922494757,0.7152279420811647,680.4432496350265,1.546047764995917,4.0,4.828879711060205,300.5106140281489,38.841820153562686,3.240337495957657,1.1810535985798452,5.0,4.161607663222803,993.0855211164135,38.684961882909455,280.7595193578359,0.5490188353220263
70,0.0,3.517628565661748,2368.157354121931,68.84453701850437,241.01619968856048,4.8392262688498295,8.0,4.378292914261792,2291.9268165365893,33.997495021474734,552.3365974156775,2.317428474485104,4.0,0.5956455095652796,2562.3292917830227,74.64712722076948,473.0147347050223,1.5407023126458623,2.0,5.8638979931667565,578.3364400300868,29.813926225705366,135.14051738937042,4.2153943929637,9.0,3.9548683233748774,3854.0358399268093,91.83217099912645,456.493914493129,2.8126745742232546,0.0,4.892795057186207,1903.945605816006,85.00887412252519,513.1834654976582,2.758031222547946,8.0,3.0311839702279233,2432.8061166200846,20.06825960786003,238.61095159397323,3.788626162537142,2.0,4.2135492754484565,3408.4998808836885,49.899465667905076,293.7240210531593,0.6130221643940537,3.0,4.532333206201551,1956.2395248941941,59.01318752136619,462.76924265300096,4.260318697497031,0.0,1.9980989659006998,3014.6395137662826,49.89911208597275,280.94292191466553,0.6115451379766774
71,7.0,2.8305528717708652,2162.05984883124,17.55219147373236,498.6871415782925,0.2166370113090381,8.0,3.452957908145371,2907.481624823533,10.96954237306652,108.14002872708436,3.885787125096506,5.0,2.9995423560011165,1864.2006289206959,36.47259689730108,532.2604616333772,4.824092690283387,4.0,5.3493283081832175,2745.9690818943504,8.858205282506315,51.713157148381974,2.271134952879841,6.0,5.9815570845896495,3580.608211696589,52.68615044297462,276.1296329421298,2.5976054604888175,4.0,0.7416151464842102,3007.869407421114,7.810220365978582,373.4733296192101,3.8515748818261373,8.0,4.46050091891623,2151.238304648422,3.628766072519818,137.37654580118294,2.266076109517745,9.0,1.06405702550901,689.3424875677076,29.729125801173183,500.76610677301477,2.124350277710264,6.0,2.5043493994700032,794.4721877223709,61.743873903582895,696.3159276265154,1.752772874602899,6.0,4.462908283513576,3277.4793153067762,96.12540024646579,472.65628105767445,2.5733501273047317
72,4.0,3.8835199325949357,4355.036078202865,1.184170784836558,370.56126543295596,2.7896935431217083,2.0,5.571413900083032,4403.900100331167,53.24596819069717,47.607286815768745,1.5240576313825198,9.0,1.5668165840670836,4248.5363314624055,89.42571594385575,610.4641489458015,3.231708598868967,8.0,5.774251995738545,395.2855317007013,34.36438652825713,87.97561936518319,3.3767192247145617,0.0,5.66214668853498,2905.311340087813,36.609198341736715,24.587361398433806,2.5802599889387574,1.0,4.715462830283667,1790.942258097698,87.57408186961787,231.5341278419316,1.517927645727494,7.0,4.80726657088174,1612.190556982079,24.669119476632574,145.9793477697355,2.947825602704531,6.0,5.277435385698112,4206.165730904557,3.06565766312189,395.04031543316074,3.898945134388107,4.0,5.960567799927111,2218.396167042872,80.73108233829531,15.229005017545527,4.807233220696143,4.0,5.745194879262101,2117.9615868847995,22.861199661000754,97.48199527966017,3.2062882810021307
73,7.0,4.836064703874276,1381.3185981252236,5.021734404994538,230.22870979304662,3.955929671659577,0.0,2.4106816907859088,691.9391166971209,18.561065367256326,55.056897577612474,3.303984942392554,1.0,4.0588920306041025,4232.420655141494,59.30590748158268,409.6537512914875,0.10511993693292203,8.0,3.068479891896123,3352.6276437870847,40.60466363824654,545.7914406605728,4.304878358615889,8.0,0.7740539307148329,2329.8316635124106,2.4772963946158244,421.6737964315209,3.189770130938622,3.0,5.008891946637456,800.0623477986886,16.6826194956905,370.11102276316376,3.3406611561827004,8.0,5.638695878523903,1142.01136371381,64.09942207745408,444.1161068528224,3.9721939282012495,9.0,4.322673932642142,1665.643184658071,84.82304768276656,89.10709460718628,3.8738956454904785,4.0,1.6851789394067738,3119.957247391995,58.46328905850362,14.983447670791106,2.0682289902981,5.0,2.8847821229734536,4312.670162032721,28.099952172336884,470.199497793299,1.5651641096073483
74,5.0,3.170143256993558,1737.6583716846571,27.247389900104647,207.45695074929174,1.9339838592236323,1.0,1.0678775842115273,3942.4857150102584,7.985262296745388,305.81954678029604,0.7244817141625445,6.0,0.9222353277635285,4196.878541817483,3.9363301835552256,506.9101624158589,0.5210678299823136,3.0,1.802431465278417,3573.6626017548724,88.7501107490704,219.09812790649872,0.25200719159578266,5.0,4.974974505462566,1670.0596588691237,88.64505162705007,234.2734841840213,0.2871889310096798,4.0,0.5787144549425937,2320.709563608925,32.91619237518979,561.5445553616138,3.9249145613628,9.0,1.5787547239272246,4064.3745208750915,82.75236760752838,259.7967991073846,3.376472093976169,3.0,4.041904752508227,4229.513730204462,46.51806968346032,405.8550331878025,4.88837556142967,6.0,0.5074576525496356,2603.108172758982,90.68561963357712,551.052780429775,2.090645183761837,9.0,2.5983412931459076,239.25651211364004,13.365803122894626,152.60256444608757,1.3982412732826919
75,4.0,0.5439372243470859,4274.420312011531,10.751031530223521,453.13974514153006,4.104865123003071,3.0,4.409669550962343,1464.0751643190451,23.646988918441515,211.5403602203057,4.702907134788021,2.0,1.0191035505748143,2119.8992371661934,67.3354104745625,253.86102219333083,3.088405122659948,6.0,5.889396881811774,1639.2083742193795,11.768327421165237,583.3310687141042,3.2901632564737473,5.0,2.5576254414028643,1114.823159029249,62.47022338592762,39.33520788714362,2.0514898163041613,8.0,4.956359019877296,1643.6674790058223,49.654310489764285,605.6920458073179,1.7793914578950416,0.0,1.748833828156446,227.41134981118918,51.403853418996256,386.07636958914065,4.846727259937762,7.0,3.949243422644372,746.3005403809223,89.30977505526975,548.657044588589,2.8209821497191645,9.0,4.670446253151793,516.2887616203027,75.34905785129344,699.1189718143813,0.9656369610043293,3.0,1.8920240092056484,2919.0959232324085,22.71601318192684,619.4790162424271,0.8666026782230434
76,9.0,4.514070987824469,3302.1059074409764,61.599227830820865,88.41911142311756,3.919469451646307,0.0,2.0516660393854,780.3049769689347,11.881807766120655,499.7126065537111,4.064697342968459,7.0,4.46901847132937,2171.314334429454,66.23522121327981,19.736164575247848,1.1595163394923547,1.0,4.9978870855272834,760.1681152781345,94.42127978437648,350.8449001454649,2.47775751168583,1.0,1.3693549313876332,4462.772523528634,44.6658022394266,681.2220511676651,2.4142649754967325,1.0,3.437306195462597,1604.9284324773607,73.6275052063987,621.915967306196,4.135580675463522,6.0,3.331971394740375,2163.0459972121225,82.94741488358727,363.15658412200355,0.9976388584887784,7.0,1.193719324968892,3790.8878622417838,64.1450871861735,151.5093433614246,1.7733933943191034,0.0,4.567114963476911,922.4340408025922,75.39705043557981,21.926445327403442,4.3959064494910995,3.0,1.8310164721092577,3784.4501518031984,96.02624660865521,566.4613140208099,0.43680207936213
77,2.0,5.2065126722469515,2331.0950868642694,31.178659175547697,218.76906247699517,1.5119686681671587,3.0,2.933383566141802,4185.769380864517,38.89270581583156,262.52773317220743,1.0051911370389008,1.0,1.0071567271061495,2821.274643013622,16.50562852115599,61.95668155710331,1.6807655573041012,5.0,1.9646315764855302,4403.182135564461,7.966268731746595,674.4149971138158,2.89544175577667,8.0,3.235974347434796,1460.0489022586078,30.754523785166654,608.8415374282736,1.6172128623776518,1.0,1.2383768898247594,333.1928850254079,9.015663792679508,290.2240120910128,2.2515007315994806,0.0,4.8954644503257,4181.370340957323,18.40800365299473,294.7677196653536,2.297589620015116,0.0,4.14984704820968,924.5522941303851,47.6776957860882,221.19206277244004,1.2225660987793412,5.0,5.9751518975832365,2088.279967752831,52.94855607439612,63.58019138839253,4.704405555158799,9.0,4.535854303222619,435.4435317473966,17.86957927960443,662.3375007237371,4.974223958235786
78,4.0,2.1087606699507133,1576.197698769059,72.63201680405032,569.6031845456059,3.606800755779625,3.0,5.868456584269186,462.82566938998536,57.95279149980256,372.2907104415352,0.5213084358926714,7.0,2.7640126368921636,2287.0824509456424,33.5447896928178,468.01242010375034,3.3367427727367933,6.0,5.254356281447962,3721.396605701946,55.57603980398728,401.73774113735277,1.1406044239680404,1.0,4.161930648125303,2786.5322100015815,47.21289364857946,253.44854796593322,4.476762802237126,1.0,1.051661502965773,1428.3617499731265,70.29380901692359,541.5678930124132,3.540357120645302,7.0,4.865476265488887,386.13547089034967,78.73155182906757,426.7761686373136,3.880900361896621,7.0,3.8859919285678477,3269.9645224348665,61.7123963937465,17.859853680260017,0.6705445124293373,3.0,1.1413078670503793,1170.335238329969,98.67749591184227,253.92137655670783,2.53416145335582,4.0,5.651031817689916,1420.5054617293824,54.41893436098666,394.41146576352133,4.494724260203218
79,7.0,3.3777842272227026,1687.509550774319,49.213558089073395,555.1354250580569,3.7115301825373304,6.0,5.288092455900483,1388.901488565179,99.89185102537822,423.473665945044,2.0286690550821986,8.0,4.701975636857633,727.7876510471337,94.26598019248436,159.82465105352367,2.7387838908153563,5.0,5.478261531515561,2047.0448436954105,78.1240863177253,698.0290105774774,2.9190344149159957,6.0,1.7422439421519627,1318.623667340598,22.34911511020026,299.4038241532202,2.5843358579094176,0.0,5.367629967490438,2736.9359154047174,16.902687635084966,386.7537244215382,0.391300211728543,7.0,5.912883770393261,723.456660702506,85.4034314335746,511.1199269963453,4.9138101921447666,4.0,2.3006349274155244,957.3672776128434,77.8909529454304,174.65846386077445,4.005121043144254,4.0,3.8543573027464757,2267.0471297522845,77.37820543950981,563.0548064683529,1.2198048210454273,1.0,0.8876364654890238,378.3672844791451,33.154885722413276,7.929037365091263,0.8139106147601222
80,3.0,4.5396912389805655,4067.7081487630585,78.8096597952771,633.346545105684,1.162291745057928,7.0,3.0609973088713573,1256.0472569533886,40.861291142932664,421.9269908628761,0.9143593243375568,7.0,1.5927219677096236,1616.747824392328,83.29202734891862,547.6640960644278,4.953647464301137,5.0,5.976533349745921,3785.2288011623323,40.211953434394395,223.93779907858007,3.6804738474646057,4.0,1.0814820406739112,4404.381392790874,87.00629743224133,264.7938171981087,0.14208981788676753,6.0,2.638225956890883,4176.2874494050775,0.5290829391842777,517.8880689531496,3.7490330767020703,9.0,5.609366425377257,253.38034627153525,1.5686378377294252,49.303389290583276,3.783835754706761,5.0,0.8199094456694911,2145.804452415029,45.26445149971866,572.6070732089562,2.236277439707046,4.0,5.002333409475922,2714.4920104316766,6.2484961937169565,675.1545325976235,4.633428394150282,2.0,2.0194921313367606,2128.665622986816,21.950923152237777,665.3198845930341,0.40557536065930566
81,8.0,2.698693832620371,1340.9886334618668,55.14467442504796,320.92911817212496,1.4978465108611227,8.0,5.637042907086306,2277.9746490386574,70.82256225676909,185.98161152584822,1.3806781804225994,8.0,4.595753352848666,3156.272972012232,36.97985247568458,205.30556401275703,1.7523799721093465,9.0,5.341593814377754,3505.4596696978742,29.75549540854209,594.558892453552,1.1050073973868992,4.0,1.4439249657665867,1024.8384008287169,34.7525366993119,578.602693652777,4.674200375656041,4.0,4.761041759480208,2530.9455634836527,91.96699333571776,77.06148491763419,4.266455526582821,7.0,5.77721833456588,390.260886327492,45.06290713482547,580.9750631445587,0.7510423962006675,7.0,2.89862629581772,2218.2500977699183,70.37704018797244,112.45093557159262,3.3601003091157557,9.0,3.1481522102678463,223.52442789086635,47.81695583417655,563.4901336623539,0.2774080786405663,1.0,3.4641881635780662,1034.2441122876703,2.0945133004232175,136.72237810297298,2.4948979203711206
82,8.0,0.9436518799482709,3022.0834367287057,11.04222385717909,374.19299734017966,2.143366980173759,3.0,1.0383358359395336,689.7614884794651,79.36152896211081,370.3360847790767,1.374769849883991,9.0,2.570486795246971,1781.2809945524139,79.75964034009667,547.1352177202155,4.406237047890456,7.0,2.831184514986454,4485.333644255285,68.5277686138408,193.76722508704825,4.211614852468337,8.0,2.3570334584217374,3366.197161328023,58.39068482898712,90.10198438425351,4.56586652421481,8.0,1.2049750922703963,885.7397541204361,21.421256852472347,44.566730587559825,1.8104427215481658,3.0,2.685114559286347,2126.9321593958402,36.7352193718095,454.88175192876787,1.4729487013139286,1.0,5.426476356239163,3322.3637779615938,8.933187336417337,405.1230351533866,1.2727592006585282,5.0,4.720334877539421,1173.0537915967989,27.110100177647833,34.544742006418986,3.442238292758796,3.0,4.779902163611256,4406.730639427281,73.28043077005265,7.757232538941173,4.480520664822792
83,8.0,0.7413168230860134,3014.2932535346913,19.258559203019686,439.62434703675393,1.0656557415478107,0.0,1.422868882700151,2505.177035450477,20.12867322288875,210.71927932802706,2.9463239636309146,5.0,3.2389118341738317,2785.2702475913993,40.4273251149759,2.3891097010180107,0.21725060302659355,0.0,3.893067556780492,928.3951443449091,31.075615315107285,215.8897996490397,4.749419629466216,0.0,4.870532076839482,862.5604428803213,56.295203138889484,162.55068638069912,4.375541055393072,4.0,2.6687086031570217,966.3755142162087,23.67329029098909,303.75507634219497,4.970355773304791,5.0,5.958801275017473,2271.174915635189,45.13983976703004,98.30921711207216,1.6321231669113225,1.0,1.911811626675572,3977.0959692897536,18.228638760441108,319.0601107700924,2.646327299801086,9.0,1.6971180680615652,4031.923053257267,84.30121787444136,574.6493267236347,0.8365345305990374,9.0,4.5861839673926355,2255.810667241403,29.12447474110906,377.4572204847409,3.0618213824742844
84,4.0,3.233983916519812,1275.0664944009404,30.782689217390057,620.3405927179246,3.635097595461438,7.0,3.914260886267942,807.1026609489104,71.88464765740375,349.26430766013203,3.138724304788321,8.0,4.712426683878665,1254.5774092722725,5.70328184357678,422.864135917958,1.0050904140420382,8.0,5.777094905174276,2537.9884111858287,42.31321750395078,9.64913018077459,1.4789006203123056,9.0,4.892294146106614,2127.924062964315,90.81349062954088,525.9645833528621,2.561274655131427,0.0,2.7180773646192367,3288.36599819042,22.060021786709218,467.4140332295395,0.9139176330369335,2.0,2.9863055173775472,1802.0308216950214,29.785302936865754,98.7359842279777,3.7651724164224945,1.0,5.487157016091251,307.1195393510126,46.256915850065894,545.8910903579216,0.39390115299234996,9.0,5.430697607892258,828.7526701711602,86.98088449278808,216.92296671655194,0.7965337797211665,2.0,2.6441546016597495,1242.389090028017,94.94588347579958,451.8699664218776,4.302728422938241
85,2.0,4.159637456820377,4223.274604327091,73.76254661310337,320.5969896321234,1.5935897434762067,3.0,3.5274529272474995,1772.3114797025075,35.75368736212513,480.6757533519016,1.2573508945710798,8.0,0.5511688861992692,330.8000897606316,15.793283679826576,688.6489587048543,0.9589570181388972,0.0,3.043987934141072,3439.786771678754,92.78218415981632,385.3637129325443,0.888946485541176,5.0,4.750695776685832,1287.4767110015,53.55351893761454,643.3666930615929,0.12573610729952903,0.0,4.180269243938318,294.4208967978945,97.9509978116026,248.04275920003892,4.113632469252931,0.0,2.6873020929669242,4400.839284459972,63.83822829590689,551.9088664627346,4.607691691639609,7.0,5.6153975425530716,2568.820995554129,67.37816697293309,204.05209798936474,4.370767640902471,7.0,4.58902685508599,261.4379396571468,91.89619302019653,420.15204153607874,2.7486383217233876,4.0,4.0108786355676544,290.0973145334243,19.176316867068756,282.5466808212764,1.4492480056017867
86,8.0,5.7937378979331635,2454.04638645292,84.63488159915102,470.8383569614893,0.13056159236621565,5.0,3.543741434455695,4485.287615716539,22.907921840809987,676.4087784634314,3.7171579377518107,6.0,3.7821218924847373,2400.4410912000185,47.33953401513802,200.30896779241192,3.326564583097512,8.0,3.093035756714386,3306.998329302643,25.660505365306598,614.2934304496746,3.230459921802029,7.0,1.7459688719125719,937.082675502234,91.2792975855908,175.17618262732825,0.8309789904853437,8.0,3.0568157628121604,1970.182739197459,23.137653311484698,263.6465892060802,1.505304542270794,9.0,0.6081354367618099,4135.559659789928,87.22349494035203,86.71886551109968,0.7844065099388785,8.0,3.0375079173877015,3112.503109961231,82.82967879468922,632.8544046835149,1.0715271961830533,5.0,4.80827314515515,2735.6620976941526,13.592768077681983,362.456171686427,2.9638384031145075,2.0,3.836038754539577,1685.4683216485228,70.25177678359181,492.92297602675865,4.490485200719848
87,3.0,2.383740980163714,697.35264158121,13.68835897924181,157.76097281674222,3.8224761029312146,6.0,3.3043510555613826,245.2192638403336,65.76676359733025,94.51023168676426,2.1329542523585987,6.0,3.8129567057042655,2500.161003253576,31.211613686530526,286.1796326786135,3.093481620185493,4.0,1.7697247331132513,2029.6879588808135,61.90531369268067,24.86440012772454,1.582716792314254,4.0,3.1513718100651538,207.6068122425076,46.550649066522574,350.14226259345025,4.0142477576483175,4.0,1.5773112809882233,3605.219222579985,14.163581772393197,404.97445749251784,0.7216157918286812,4.0,4.182575862711081,1294.2968799954238,20.62648653106126,393.3064941609354,0.29489963325735685,9.0,3.647597451807844,1602.0409942997912,77.74076148184751,174.13017777084272,4.735704934173619,8.0,2.239973831231355,2625.002021870721,96.41722768224915,680.2639867931898,2.4626598874457444,1.0,1.5243547269170745,2922.3745716477706,17.466089088151172,682.7143788523754,1.5622505516159826
88,7.0,0.7445478447559746,587.6319847440883,62.72613206973093,518.5235479760253,4.027077516486013,1.0,4.76996975053692,697.6780600769757,59.70301178153149,666.3035629714234,4.330879041989137,4.0,1.8887307674072151,1815.7264493244327,79.84040590436706,156.2671041129594,4.7477628435322625,5.0,5.983419782612499,4112.978368297397,94.33280768107218,524.5310889206029,4.858130319893172,0.0,3.555365350369351,4430.962761211066,17.001529136469728,144.54948930930658,1.496891275782948,2.0,2.347030846627958,608.0823379032005,32.17974578887601,294.5671416339582,1.9068614966737252,7.0,5.932779699849219,3158.7857882545995,89.17399050763535,118.71834144123369,0.1770061253458519,7.0,5.550751663944852,1859.6553405846232,17.94925810127541,372.023628377076,0.7966651649798115,3.0,3.10312367552524,4256.558766178313,80.4549288926352,166.36764130720027,4.99989313390339,0.0,2.184704167373945,3206.2217531240417,56.387295677228764,537.9667715947503,0.19140914798245134
89,0.0,5.578158900967837,2061.8286087210713,39.74825296886374,184.40653119203805,2.4261825174000866,1.0,0.6999229678465679,1130.3144904342334,1.8426404068063507,120.78381631059548,0.6920499429301313,2.0,3.6671963185399066,2823.2545510584982,61.07913098392347,625.6164480408441,4.835915050783621,2.0,2.452410393796791,1170.3274970235166,81.14211656023703,551.373638059938,4.067121537188122,3.0,4.328838185283509,3533.2356609367266,18.142348541409415,672.8385903815612,1.3222593496811346,1.0,2.912806973081901,221.90366180406812,24.903755014502217,217.66756251841653,3.0772293809333617,5.0,2.4906257676418484,3838.732073357042,12.126592243367796,490.65431831500894,2.68080422500283,9.0,0.5189531525527353,1944.1200231066055,88.9110272971962,174.1373980748424,4.85450708951412,9.0,0.611703146985971,1370.0437214254664,1.313064879464021,349.9870128804778,0.3069797356393598,6.0,5.924452066976885,3125.410109530899,35.1073211686441,443.7322243799105,3.292149416965008
90,4.0,1.6044749692835447,3161.7369674810725,69.39826870649479,170.83739166838575,2.9435592652558475,4.0,1.1185111676795014,2736.2587020991796,81.8799141262634,299.15789242956197,1.3267770049860232,1.0,3.0092354227924,2444.4894562384784,37.172175919125436,145.5011644781589,4.884006512273727,4.0,2.352692696639077,523.2049619462254,80.02321197861666,2.9928507972536766,2.338722821020378,1.0,4.625849956019977,2055.8382376307445,45.467196392381005,339.6051183648423,0.9244159909199938,7.0,1.3493662143808676,3183.8255672237715,27.370363851724832,169.82112256716277,3.59736568400319,5.0,1.0950594959286168,4038.131922543562,66.95409218279349,368.38166991510246,1.0209950891120336,4.0,1.070309785455375,1259.5862826790997,55.32354691389549,6.86929298801624,1.7461772197141692,0.0,2.2065055991430054,4337.627776088203,1.5541587392734924,538.2278411216247,0.8310203614232098,4.0,0.6878808060436166,2248.594071290994,55.89157235115504,269.6188395302211,2.2442412116932506
91,8.0,4.210801409745084,4433.071921789165,73.1261113846372,193.69588027136354,1.955269120779593,3.0,0.7282247909408641,1428.9553710140535,65.74791110845153,107.02518036813589,2.432315235698458,4.0,0.9990837324622408,2601.188091698099,7.048008492790137,536.2794213082166,0.6524148243661085,9.0,4.918712173879444,980.8511452537975,75.03511449664857,651.073417547216,4.476458469567108,8.0,3.46971016265933,4125.001653111389,49.310784323281354,46.81671092771097,4.788136322602641,5.0,5.925958308248783,2303.3285178828714,93.02428818126613,326.8084664774908,0.5776346653482256,8.0,2.059425759402548,380.3451446577863,99.14160386925663,517.8558208197597,4.726779126493613,9.0,1.3947055409120204,2916.5173084464564,61.33923767829806,567.9042933832657,0.17922066528786035,7.0,3.6779366381720324,2089.334314230283,54.994505204844124,625.4987862526312,2.6859227743773566,1.0,2.8922523015939703,3588.800486025494,84.92930977547218,496.4092491739968,3.0328293400887696
92,1.0,3.1858934319198777,3839.57066742744,80.25477842712489,83.46160402848102,0.32564360440887086,3.0,3.5893010946034405,647.9145907424399,62.8219551977632,513.8098010785607,4.244943760471077,2.0,4.155503447223,2644.570606669347,89.41689434257637,21.749655116187906,0.45428245698735725,1.0,0.6065861790570832,4434.657866404446,13.116395602997565,463.75405250818255,3.0729752975417806,5.0,1.874084407578867,3100.49380335391,83.73837591195355,691.8788420432096,3.429804054129673,2.0,5.027775449568551,2320.637454645678,3.0686701458910615,16.751103669881594,2.470126429578535,4.0,5.484410161555195,776.4040914226098,33.12616074747458,62.233433520258075,1.723909595091744,5.0,4.243937045686504,1214.6945349645976,94.14855910507177,119.36884958296724,1.480585785173676,0.0,5.08708903716548,1871.587795128923,21.70693016370725,361.25165757634136,1.079582810984973,8.0,5.454975776204675,1752.6233282582791,10.519959096650322,498.09182274009294,2.4720038132339344
93,9.0,2.9887258215799197,3008.8998825951567,82.12437407346779,510.0106461431497,0.40268673737657845,2.0,5.958418903604378,1746.8674091257246,60.83294212237337,634.9975724896291,1.6787362439258584,4.0,5.791335420975465,2060.1540612934596,24.1189983572766,549.0479007837289,3.4988413104831153,2.0,0.6964760035252366,1698.8608973740697,96.02814804760575,100.78541098738539,4.197992233965415,4.0,3.187220660192742,1738.0783959931125,97.77579143813789,410.6475390898725,1.6395600190601043,6.0,2.83323125026591,4246.75209789835,57.27443861451874,472.43519625745597,0.64563140744047,0.0,4.929832476919717,3014.7494085346434,12.208142573052305,315.89112259015576,0.7827018542602113,6.0,0.7224899755064426,4453.154808014323,68.62595177460028,117.72665951927699,1.7221279981698696,4.0,5.57570338027052,228.66528307626083,35.03300447882525,430.15144513996677,3.7166461461999365,4.0,5.491000687899641,733.5787556265773,88.21173992292147,10.33624700434661,0.6697371572832892
94,0.0,2.747732625687986,2798.649293755193,49.22464334033781,141.17064686148376,4.671818805922787,3.0,1.766615657999067,1983.0204622628482,11.562693952411617,491.0454010793302,1.9234963615833052,9.0,2.4319209553049057,3323.1148668581723,58.979345440611475,79.6506712802546,2.6942006029555543,5.0,1.2102162182388847,1519.1004516429352,69.77084676746445,208.2169107717835,4.100377042220868,5.0,1.0815846565735314,1323.0727134677327,17.439484920063077,586.9753396144324,0.15271071650937326,9.0,2.364806552867581,584.1833237400757,21.914559152623127,249.06637881511367,0.20448780223566065,5.0,3.907081122082876,2698.7805713436937,62.7851083051801,134.9088181571057,3.4840161630333446,8.0,4.008807098530791,3567.4879074822547,39.40669396001757,499.8882165800643,1.3857228331625147,1.0,4.246821412726397,3777.2317131349837,12.462152826729234,467.36370246893904,4.523207933650392,3.0,5.966444579436788,1682.4526349045318,62.32347434014248,520.3098049632479,3.3971387906754162
95,6.0,3.9377038508077296,504.0881526846906,53.20569019516449,600.4653881114192,4.263247018148054,6.0,1.8978439875216073,3755.019365439523,88.9736257045749,326.61649308530576,1.6558983818834023,0.0,3.5198562171396257,3343.2406928187647,6.672168121062061,564.3124421269788,4.159872921946926,3.0,5.373650398945771,2323.8549921134604,73.32093903576668,7.13809268984712,1.7971288843850608,7.0,1.8688285771370632,2965.342732611951,14.78999533626676,233.90030734951569,3.140009503024148,4.0,5.080435343592553,2338.2541711435,60.294610975878186,356.25837088903535,2.6967649346989,0.0,3.6878229604535835,460.74964175686074,27.212155966991514,277.0849175224151,2.52376670984769,0.0,5.271569960309119,499.0905124801103,21.575588309645344,223.0000525938149,1.7077739858250052,9.0,4.050661988260684,2142.668204112694,14.22744994866283,302.0363791181058,3.2244324702270104,7.0,3.7763184753164682,1634.3871659598165,49.82195680007545,467.8158704099593,4.869278864123293
96,2.0,5.435555273137051,634.1831360914989,24.221402238923574,258.4304399832724,4.282742451687865,2.0,4.697207923335901,385.4270737037363,72.5850907367515,695.3490852430893,1.3348466862360429,0.0,2.3413607484912764,3228.6318990383356,11.222897058116576,67.34485667824417,2.511045375070461,0.0,2.6216244702775566,2700.729693596517,92.85117460197743,176.5127969513116,4.31990945763037,5.0,5.34859306983006,2307.7598522856783,24.187076150868116,317.3140279031142,3.6031795359380743,4.0,5.644587553675591,1823.1427377842012,57.51420582995791,124.76341516311669,2.954109159012859,0.0,5.4362695142637225,564.8657055520323,25.702935307780216,163.72781469994075,2.5660262895625485,4.0,5.104690121575525,2453.2332630184505,6.323262662236894,687.2902965351215,1.5417326203814148,2.0,5.6483713335959145,4207.609929549806,85.37186626143234,487.5394351138542,1.503765754605238,4.0,3.477948178391907,1812.3303503817053,4.948316666186425,503.44691445932864,4.099493788941474
97,5.0,3.5420726424222444,3015.3591500163316,52.72490165875067,695.2676333914051,3.4060035478343855,4.0,3.049934420012968,1913.9279911408187,8.082178357258652,152.0928172185043,0.532312912219735,0.0,4.800189320954449,3112.472639812812,41.11642560379782,455.86783403937295,0.6670254823022592,3.0,2.7084026751723465,4390.25960081156,43.49614313391277,248.22342548277143,1.2424449774138033,3.0,3.0571005730325433,3742.178085734576,87.98727552074497,359.8702402838782,4.9976614579766405,1.0,3.9781679237958234,3532.6991081962974,34.823216952976274,238.664468761331,4.307813554813383,9.0,0.5465340193689479,4157.748245862764,50.473091446661165,34.87737821892844,1.0916310123376811,3.0,1.054405404937356,987.8550255886936,48.692592948543954,158.84628235704002,0.9169767714441751,0.0,5.897702305084105,2324.5476945334267,83.25269885590166,456.6144215904265,3.063201205908898,7.0,4.8302449791185955,366.84431132308686,6.261522747379578,296.1748910951901,2.3788652815154676
98,4.0,3.2894429754558674,4446.9402061308765,15.849661086510224,672.7305090983074,4.03742805160271,1.0,4.581010274349339,3623.823464586101,44.03226573375307,537.7911148402192,3.348156955244677,3.0,5.022594565984983,1340.8499719868175,15.987560307087866,503.3102628198669,2.0307856069857317,4.0,2.0420623775688367,4498.138062456899,82.86502952028607,674.9789603779917,3.6469361556134245,3.0,5.956867899453343,3352.7370344429332,13.781078008332537,434.99617140186757,0.18719068937748481,5.0,3.2631501112430366,2460.893813858118,31.67466353143249,307.5317432370572,4.755489666752669,5.0,4.734202439518231,2877.001748052423,29.396947689923536,143.18800933488808,4.410346934049388,8.0,2.6384895100828487,3526.4499186553644,94.72278216689733,98.30697932015711,1.262885996335031,6.0,1.2822902450396705,2897.787281238294,32.48568278155781,448.8982521334409,0.6279286905381014,6.0,2.1517911307586797,797.2134284048783,75.10683005401475,401.6123706797965,1.9165259135226824
99,7.0,5.194554125333525,1680.6049186071768,17.969157994861696,545.990453377596,4.925894590587168,3.0,5.932410217661964,1334.2269607221267,24.238195511115467,292.65165311529256,4.117918539179412,5.0,4.864010359748305,3146.9516926165747,1.762748465449493,69.31610700718971,3.135604163947054,0.0,1.987369403755019,3658.2289031454798,92.70971367303741,313.2562511801718,2.715501828202995,6.0,1.1178138021970097,2365.6475879505974,19.140597607582666,499.3213924849943,1.9971179150706166,4.0,4.653803900786692,2650.2405271974235,89.19277722678333,79.51341925346127,1.611366129220886,7.0,1.9715423878042153,1113.8737420475643,50.89227490631805,173.74803384459764,2.6107538358052755,6.0,3.6164817112120167,2548.993272028734,21.524056872684817,16.36807638663956,0.3417414218306536,9.0,5.580533354003612,723.4470904502966,98.14057499018526,93.51879261345243,0.6346470701161248,4.0,1.0465894553930437,3442.2821218063514,15.35232396819749,473.3261113896097,1.1242550823855144
